ModuleArea,PrimaryProcedure,Maturity,CIEvidence2019,CIEvidence2022,CIEvidence2025,LabScenarios,Documentation,Notes
Current Sessions,USP_CurrentSessions,COMPLETE,YES,YES,YES,LAB-BASE-001,FULL,
Current Requests,USP_CurrentRequests,COMPLETE,YES,YES,YES,LAB-BASE-001,FULL,
Current Blocking,USP_CurrentBlocking,COMPLETE,YES,YES,YES,LAB-CONC-001;LAB-CONC-002,FULL,
Current Waits,USP_CurrentWaits,COMPLETE,YES,YES,YES,LAB-BASE-001,FULL,
Current Memory Grants,USP_CurrentMemoryGrants,COMPLETE,YES,YES,YES,LAB-MEM-001;LAB-MEM-002;LAB-MEM-003,FULL,
Current Transactions,USP_CurrentTransactions,COMPLETE,YES,YES,YES,LAB-CONC-001,FULL,
Current TempDB,USP_CurrentTempDB,COMPLETE,YES,YES,YES,LAB-TEMP-001;LAB-TEMP-002;LAB-TEMP-003;LAB-TEMP-005,FULL,
Current IO,USP_CurrentIO,COMPLETE,YES,YES,YES,LAB-IO-004,FULL,
Current Log,USP_CurrentLog,COMPLETE,YES,YES,YES,LAB-LOG-001;LAB-LOG-002,FULL,
Current Overview,USP_CurrentOverview,COMPLETE,YES,YES,YES,LAB-BASE-001,FULL,Aggregiert Current-State-Module
Object Analysis,USP_ObjectAnalysis,COMPLETE,YES,YES,YES,LAB-IDX-001;LAB-IDX-002;LAB-IDX-003,FULL,
Index Usage,USP_IndexUsage,COMPLETE,YES,YES,YES,LAB-IDX-001,FULL,
Missing Indexes,USP_MissingIndexes,COMPLETE,YES,YES,YES,LAB-IDX-002,FULL,
Statistics,USP_Statistics,COMPLETE,YES,YES,YES,LAB-IDX-003,FULL,
Columnstore,USP_Columnstore,COMPLETE,YES,YES,YES,LAB-COL-001,FULL,
Query Stats,USP_QueryStats,COMPLETE,YES,YES,YES,LAB-PLAN-001;LAB-PLAN-002,FULL,
Plan Cache,USP_PlanCacheAnalysis,COMPLETE,YES,YES,YES,LAB-PLAN-003;LAB-PLAN-004;LAB-PLAN-005,FULL,COLL-001 Dreier-Scope USP_PlanCacheAnalysis USP_QueryStoreAnalysis USP_ExtendedEventsAnalysis: je sechs explizit collatierte lokale Textfelder und ein früher gemeinsamer Modulstatusexport mit fünf Feldern und drei Textcollations beheben den bestehenden CONSOLE-Fehler wegen fehlender Quelle; ursprüngliche TABLE-Textcollations waren bereits korrekt. Common165 besteht 24 TABLE-/JSON-Vertragsfälle zwölf positive und neun leere SQL-CONSOLE-Captures sowie drei direkte CONSOLE-Aufrufe auf gemischtem SQL Server 2025 mit Framework-Compatibility-Level 170. Zusätzlicher unabhängiger SqlClient-Capture bestätigt alle 15 positiven sechsfeldrigen und neun leeren dreifeldrigen CONSOLE-Fälle mit nativen Schemas ursprünglichen Ordinalen Modulnamen Invocationstatus und Fehlerwerten sowie Plan-Cache-modules-JSON-Parität. Query Store und XE behalten Childobjekte Metadaten und Warnungsprojektionen ohne modules-Array; Modulstatus bleibt vollständig und unbegrenzt bei NULL-/0-/positiven Childlimits. Drei RAW-Invalid-Leerscope-Aufrufe und zwölf TABLE-Zuordnungsablehnungen bestehen; fünf vorhandene leere RequestedName-Warningproben bleiben erhalten. Positive RAW-Modulzeilenparität Plan-XML Ereignis- ERROR_HANDLED- und Berechtigungsevidenz sowie neue native ältere Engine- oder CL150/160-Nachweise bleiben für diesen Slice unbelegt. Nachweis COLLB006.
Execution Plan Analysis,USP_ExecutionPlanAnalysis,COMPLETE,YES,YES,YES,LAB-EXECPLAN-001,FULL,
Showplan,USP_ShowplanAnalysis,COMPLETE,YES,YES,YES,LAB-PLAN-004,FULL,
Query Store Runtime,USP_QueryStoreRuntimeStats,COMPLETE,YES,YES,YES,LAB-QS-001;LAB-QS-002,FULL,
Query Store Regressions,USP_QueryStoreRegressions,COMPLETE,YES,YES,YES,LAB-QS-001,FULL,
Query Store Plan Changes,USP_QueryStorePlanChanges,COMPLETE,YES,YES,YES,LAB-QS-002,FULL,
Extended Events Sessions,USP_ExtendedEventsSessions,COMPLETE,YES,YES,YES,LAB-XE-001,FULL,
Extended Events Deadlocks,USP_ExtendedEventsDeadlocks,COMPLETE,YES,YES,YES,LAB-DEAD-001;LAB-DEAD-002;LAB-DEAD-003;LAB-DEAD-004,FULL,
SQL Agent,USP_AgentJobs,COMPLETE,YES,YES,YES,,FULL,"Elf zusätzliche Jobs-/Steps-Textcollations und der unveränderte Jobs-TABLE-Vertrag mit 17 Feldern und sechs Textspalten sind gehärtet. Gültige doppelte exakte Namen werden unter Frameworkcollation mit MIN(ItemOrdinal) zusammengeführt; Case-Identitäten bleiben getrennt und ungültige Elemente liefern weiter INVALID_PARAMETER. Common167 besteht auf gemischtem SQL Server 2025 bei separat bestätigtem Framework- und msdb-Compatibility-Level 170 mit elf allgemeinen TABLE-/JSON-Fällen, zwei Verbrauchern, sechs Preflightablehnungen, 13 nativen vollständigen Jobs-/Steps-Gegenproben und drei positiven 18-feldrigen sowie drei leeren dreifeldrigen SQL-CONSOLE-Captures. Die eigene Unicode-Fixture enthält zwei case-unterschiedliche Jobs mit Steps, Kategorie und aktiver Zukunftsschedule; es gibt keine Jobausführung, Activity-, History- oder Jobserverzeilen. NULL-/0-/positive Limits, exakte Case-/LIKE-Filter, gleiche und unterschiedlich bracket-quotierte Duplikate und Problemscope sind mit der positiven Fixture geprüft. Ungültige Listen einschließlich Duplikat plus ungültigem Element gehören zu den allgemeinen Leerscope-Fällen; Steps bleiben ohne Historyoutcome im Problemscope leer trotz positivem nativen StepCount. Zehn unabhängige SqlClient-RAW-Aufrufe bestätigen alle drei Schemas mit 6/17/10 Feldern, nativen Namen, Typen, Textgrößen, Jobs-/Steps-Nullability und voller JSON-Zeilenparität; acht Aufrufe besitzen nichtleere Jobs, sieben nichtleere Steps und zwei sind leer. Im früheren COLLB006-Teilumfang blieben laufende Jobs, positive History-Outcomes/Meldungen, Regex, Berechtigungen, ältere native Engines und CL150/160 unbelegt; Infrastructure110, Integration189, Integration196, Integration198 und Common124 bestehen nach eigenem Fixture-Cleanup auf CL170. Infrastructure110 prüft Hilfe und Signaturen ohne zusätzliche positive AgentJobs-Evidenz. Vollständige statische Gates werden nicht behauptet. Evidenz COLLB006. An anonymous local AgentJobs filter primary key fixes repeated calls within one caller transaction; the generated OPS-005 installer is synchronized. Additional injected AgentHistory outcomes on SQL Server 2025 / CL170 prove literal local timestamps and durations 0/85/360000 seconds versus raw 0/125/1000000, latest instance_id selection, history counts 4/5/6, twelve NONE/JSON consumer calls, six full preserved Agent sources, caller rollback and own Lab cleanup; in that preceding outcome-only scope step durations, invalid calendar values and actual Agent duration remained unproved. The subsequent SQL2025/CL170 AgentHistory step slice adds two own TSQL step definitions and three injected positive step cases. All ten JSON values of both steps match independent literals with history counts 8/10/12; the later other-step instance does not replace step one. Job outcome and raw Monitoring duration remain unchanged. Twenty-one total NONE/JSON consumer calls preserve six complete Agent sources and caller state; rollback removes steps job and history and the own Lab is removed. Actual step execution retry behavior changing step-two outcomes invalid dates and overflows remain unproved. A subsequent static range proof at the integrated PR295 source excludes int overflow only in the two identical AgentJobs Job/Step duration formulas for the declared signed int run_duration domain. All intermediate absolute bounds fit int; the conservative sum bound 773098839 is not an exact attainable maximum. No native endpoint run was performed. Malformed or negative duration semantics calendar conversion other arithmetic and actual duration remain unproved; status flags and OpenScope are unchanged. A subsequent private SQL2025 17.0.4075.5 CL170 characterization measures native error 242 for 20230229 and 20240230 as both Job and Step outcomes. Twelve NONE/JSON consumer calls plus one clean Monitoring baseline preserve six complete Agent sources and XACT_ABORT OFF locktimeout 31 committable caller state. AgentJobs handles all four errors and retains the valid Job outcome when only its Step date is invalid; Monitoring limits invalid Job outcomes and retains valid Job outcomes for invalid Step dates. Four rollbacks restore original source values and TX0 XACT_STATE0 while locktimeout remains 31; the final restore confirms original OFF locktimeout minus one TX0 XACT_STATE0; own Lab cleanup succeeds. Three preceding private failed runs remain failed and separately cleaned. Other invalid dates times XACT_ABORT ON and actual Step execution remain unproved; status flags and OpenScope are unchanged. A subsequent private SQL2025 17.0.4075.5 CL170 clock characterization measures native error 242 for run_time 236060 and 240000 at valid date 20240229 as both Job and Step outcomes. Twelve NONE/JSON case consumers plus one clean baseline preserve six full Agent sources and XACT_ABORT OFF locktimeout 31 committable TX1. AgentJobs handles all four errors and retains the valid Job for Step errors; Monitoring limits invalid Jobs and retains valid Jobs for Step errors. Four rollbacks restore original sources and TX0 XACT_STATE0 with locktimeout 31; final restore confirms original OFF and locktimeout minus one. Own Lab cleanup succeeds. The 236060 case combines invalid minutes and seconds; isolated component bounds other times XACT_ABORT ON and actual Step execution remain unproved. Status flags and OpenScope are unchanged. A later private SQL2025 17.0.4075.5 Docker CL170 actual retry characterization executes one own TSQL step with one configured retry and interval zero. Three native history rows show retry status2 with error56151 then Step success1 and Job success1; stored retries_attempted is zero in all three rows. Four NONE/JSON consumers preserve six full Agent sources and committable TX1 with XACT_ABORT ON and locktimeout31. AgentJobs retains latest successful Step with stored LastRunRetries zero; its problem filter retains the disabled Job but no Step and does not select the older retry. Monitoring retains the final successful disabled Job as JOB_STATE_INFORMATIONAL INFO. One rollback own Job cleanup final original OFF minus-one locktimeout TX0 XactState0 and own Lab cleanup pass. Two preceding private runs reject composite oracle56147 before consumers; only the second measures the incorrect successful-row retry-count-one expectation against stored zero and all own Labs are removed. Retry exhaustion positive intervals parallelism and inner Catch cleanup countertests remain unproved. Status flags and OpenScope are unchanged. A later separate private SQL2025 17.0.4075.5 Docker CL170 retry-exhaustion characterization executes one own local TSQL step in an enabled Job with one configured retry and interval zero; both attempts fail with synthetic56161. Three native history rows show Retry2 StepFailure0 JobFailure0; the independently read latest Step failure stores retries_attempted one and AgentJobs preserves that value. Four NONE/JSON consumers preserve six full Agent sources and committable TX1 with XACT_ABORT ON locktimeout31. Both AgentJobs filters retain the latest failed Step; Monitoring reports LATEST_JOB_RUN_FAILED_IN_WINDOW HIGH without consumer error. One rollback own Job cleanup final original OFF minus-one locktimeout TX0 separately captured XactState0 and own Lab cleanup pass. This exhaustion scope has no preceding native failed attempt. Positive intervals parallelism and inner Catch cleanup countertests remain unproved. Status flags and OpenScope are unchanged. Eine getrennte private SQL2025-17.0.4075.5/Docker-Probe mit CL170 bestätigt automatische Vierzeilen-Retention pro Job. Drei erfolgreiche Läufe eines eigenen aktivierten Jobs mit einem TSQL-Step hinterlassen zwei vier vier Historyzeilen; das erste instance_id-Paar verschwindet und sämtliche Werte des zweiten Paars bleiben erhalten. Zwölf NONE/JSON-Consumer erhalten sechs vollständige Agentquellen und committable ON31TX1. AgentJobs erhält den letzten erfolgreichen Step und zeigt im Problemfilter keinen Step; Monitoring meldet ENABLED_JOB_WITHOUT_SCHEDULE/INFO ohne Consumerfehler. Drei Rollbacks eigenes Jobcleanup finale ursprüngliche OFF/-1/TX0/XactState0-Restauration und eigener äußerer Labcleanup bestehen. Beide Linuxschlüssel werden ausschließlich im neuen eigenen Container gesetzt aus der Konfigurationsdatei zurückgelesen und durch öffentlichen Lab-Restart angewandt. Zwei vorherige Konfigurationsreadbackguards scheitern vor Restart und Frameworktests; nur der zweite misst get-Exit0 mit einer Nichtgefundenmeldung. Alle eigenen Labs sind entfernt. Die globale Grenze64 wird nicht erreicht; Altersretention Parallelität andere Engines und innere Fehlercleanup-Gegenproben bleiben unbelegt. Statusflags und OpenScope bleiben unverändert. Eine getrennte private SQL2025-17.0.4075.5/Docker-CL170-Probe bestätigt die globale Agent-Historiengrenze sechs bei einer Grenze vier pro Job. Vier tatsächliche erfolgreiche Einstepläufe zweier eigener aktivierter Jobs in der Reihenfolge A B A B hinterlassen zwei vier sechs sechs Zeilen; das erste A-Paar verschwindet und vollständige Werte der beiden jüngeren Paare bleiben erhalten. Kein Job überschreitet vier erzeugte Zeilen. Sechzehn NONE/JSON-Consumer erhalten sechs vollständige Quellen und committable ON31TX1. AgentJobs erhält letzte erfolgreiche Steps ohne Problemsteps; Monitoring meldet ENABLED_JOB_WITHOUT_SCHEDULE/INFO für jeden vorhandenen Job ohne Consumerfehler. Vier Rollbacks beide eigenen Jobcleanups finale ursprüngliche OFF/-1/TX0/XactState0-Restauration und eigener äußerer Labcleanup bestehen. Beide Linuxschlüssel werden ausschließlich im neuen eigenen Container gesetzt aus der Konfigurationsdatei zurückgelesen und durch öffentlichen Lab-Restart angewandt. Dieser Umfang hat keinen vorausgehenden nativen Fehlversuch. Andere Limits Altersretention Parallelität andere Engines und innere Fehlercleanup-Gegenproben bleiben ungeprüft. Statusflags und OpenScope bleiben unverändert. Eine getrennte private SQL2025-17.0.4075.5/Docker-CL170-Probe bestätigt tatsächlichen Retryerfolg bei einem konfigurierten Retry mit Intervall einer Minute. Ein eigener TSQL-Step erzeugt nativ Retry2 Steperfolg1 und Joberfolg1. Mindestens 50 durch Einsekunden-Waits getrennte Pollzyklen erfassen den noch nicht abgeschlossenen Job bei vorhandener Retryzeile; die gemessene Spanne bis zum beobachteten Abschluss beträgt mindestens 50 Sekunden. Der erfolgreiche Step speichert retries_attempted0; AgentJobs erhält diesen Wert und schließt den älteren Retry im Problemfilter aus. Nach eigener Jobdeaktivierung meldet Monitoring JOB_STATE_INFORMATIONAL/INFO ohne Consumerfehler. Vier NONE/JSON-Consumer erhalten sechs vollständige Quellen und committable ON31TX1. Ein Rollback eigenes Jobcleanup finale ursprüngliche OFF/-1/TX0/XactState0-Restauration und eigener äußerer Labcleanup bestehen. Consumer während des laufenden Jobs andere Intervalle positive Retryerschöpfung Parallelität andere Engines und innere Fehlercleanup-Gegenproben bleiben ungeprüft. Statusflags und OpenScope bleiben unverändert. Eine getrennte private SQL2025-17.0.4075.5/Docker-CL170-Probe bestätigt tatsächliche Retryerschöpfung bei einem konfigurierten Retry mit Intervall einer Minute. Beide Versuche eines eigenen TSQL-Steps scheitern kontrolliert; drei native Historyzeilen zeigen Retry 2, Stepfailure 0 und Jobfailure 0. Mindestens 50 durch Einsekunden-Waits getrennte Pollzyklen erfassen den noch nicht abgeschlossenen Job bei vorhandener Retryzeile; die gemessene Spanne bis zum beobachteten Abschluss beträgt mindestens 50 Sekunden. Beide AgentJobs-Filter erhalten den letzten failed Step mit gespeichertem retries_attempted-Wert 1. Monitoring meldet für den weiterhin aktivierten Job LATEST_JOB_RUN_FAILED_IN_WINDOW/HIGH ohne Consumerfehler. Vier NONE-/JSON-Aufrufe erhalten sechs vollständige Quellen und committable ON31TX1. Ein Rollback, eigenes Jobcleanup, finale ursprüngliche OFF/-1/TX0/XactState0-Restauration und eigener äußerer Labcleanup bestehen. Consumer während des laufenden Jobs, weitere Intervalle, Parallelität, andere Engines und innere Fehlercleanup-Gegenproben bleiben ungeprüft. Statusflags und OpenScope bleiben unverändert. Eine getrennte private SQL2025-17.0.4075.5/Docker-CL170-Kalenderprobe mit ON31 und je frischer committable TX1 erfasst zwölf Consumeraufrufe. Vier direkte OFF-Orakel außerhalb der Consumertransaktionen messen Fehler 242 für 20230229 und 20240230. AgentJobs meldet in vier Job-/Stepfällen ERROR_HANDLED/Partial mit Fehler 242 und gültigem JSON, macht aber jede Callertransaktion uncommittable. AgentMonitoring reicht in beiden ungültigen Jobfällen Fehler 3930 weiter; öffentliche Statusoutputs und JSON fehlen, XACT_STATE ist -1. Beide ungültigen Stepfälle liefern AVAILABLE_WITH_FINDING ohne Partial oder Fehler, ein Jobarray mit einer Zeile und XACT_STATE 1. Msdb erhält Counts eins oder zwei und committable TX1. Sechs vollständige Quellen, Transaktionsanzahl und ON31 bleiben nach jedem Consumer erhalten. Zwölf eigene Rollbacks, finale ursprüngliche OFF/-1/TX0/XactState0-Restauration und äußerer Labcleanup bestehen. Der private Lauf ist COMPLETED mit sechs uncommittable Calls und zwei entkommenen Fehlern; er ist kein funktionales PASS dieser Fehlerisolation. Die gezielte Korrektur der ON-Kalenderfehlerisolation bleibt offen. Andere ungültige Werte, Ausgabeformen, Engines und innere Fehlercleanup-Gegenproben bleiben ungeprüft. Statusflags und OpenScope bleiben unverändert. Die nachfolgende Produktkorrektur begrenzt XACT_ABORT OFF auf AgentJobs-Job-/Stepcollection und Monitoring-Jobcollection mit direkter Wiederherstellung der ursprünglichen Einstellung vor Ausgabe. Eine neue eigene SQL-2025/Docker-CL170-Gegenprobe besteht 24 NONE-/JSON-Kalenderconsumeraufrufe bei ON und OFF mit vier Fällen und je frischer TX1. Alle bleiben schreibfähig mit XACT_STATE 1; kein Fehler entkommt. AgentJobs erhält ERROR_HANDLED/Partial/242 und Jobs null oder eins bei leeren Steps. Monitoring liefert bei ungültigem Job AVAILABLE_LIMITED/Partial/242 mit Message und gültigem JSON; ungültiger Step erhält AVAILABLE_WITH_FINDING ohne Fehler. Msdb erhält Counts eins oder zwei. Sechs volle Quellen und Locktimeout 31 bleiben erhalten; 24 Rollbacks und finale ursprüngliche OFF/-1/TX0-Restauration bestehen. Die erweiterte TEST-0001-Fixture besteht zusätzlich 21 positive und zwölf ON-Kalenderconsumeraufrufe sowie zwölf eigene Kalenderrollbacks. Alle 13 impact-basierten Verträge und der äußere eigene Labcleanup bestehen. Die zuvor beobachtete ON-Kalenderfehlerisolation ist für diesen Scope korrigiert. Common167 bestätigt ohne eigene positive Job-/Schedulefixture ausschließlich die allgemeinen Verträge; der positive Block bleibt NOT_EXECUTED. Andere Lesefehler und ungültige Kalenderfälle in TABLE/RAW/CONSOLE bleiben ungeprüft; bereits uncommittable Callertransaktionen werden nicht repariert. Statusflags und OpenScope bleiben unverändert. Eine nachfolgende getrennte native SQL2025/Docker-CL170-Uhrzeitgegenprobe bestätigt den integrierten Fehlerisolationsfix für 236060 und 240000 bei gültigem Datum 20240229 als Job- und Stepoutcome. Je zwölf NONE-/JSON-Aufrufe bei ON und OFF mit frischer eigener TX1 bleiben schreibfähig; kein Fehler entkommt. Acht direkte OFF-Orakel außerhalb der Consumertransaktionen messen Fehler 242. AgentJobs liefert ERROR_HANDLED/Partial/242 mit Message und Jobs null oder eins bei leeren Steps. Monitoring liefert beim Jobfehler AVAILABLE_LIMITED/Partial/242 mit Message und leerem Jobarray; beim Stepfehler AVAILABLE_WITH_FINDING ohne Partial oder Fehler und eine gültige Jobzeile. Msdb erhält Counts eins oder zwei. Sechs vollständige Quellen TX1 und Locktimeout31 bleiben erhalten; 24 Rollbacks finale ursprüngliche OFF/-1/TX0/XactState0-Restauration und eigener äußerer Labcleanup bestehen. Die erweiterte TEST-0001-Fixture besteht 21 positive und 24 Kalender-/Uhrzeitconsumeraufrufe einschließlich 24 eigener Kalenderrollbacks. Core187 Smoke110 und Runtime122 bestehen. Produktcode öffentliche APIs Installer und Registry bleiben erhalten. 236060 kombiniert ungültige Minuten und Sekunden; isolierte Teilfeldgrenzen andere Uhrzeiten fehlerhafte Dauerformate andere Ausgabearten und tatsächliche Agentdauer bleiben ungeprüft. Statusflags und OpenScope bleiben unverändert. Eine getrennte native SQL2025/Docker-CL170-Dauerprobe führt einen eigenen TSQL-Job mit einem Step und drei Sekunden WAITFOR ohne Retry aus. Die zwei erfolgreichen nativen Historyzeilen speichern Stepdauer 3 und Jobdauer 4 Sekunden. Vier NONE-/JSON-Aufrufe bestätigen Msdb-Historycount zwei mit NULL-Zeitgrenzen; AgentJobs bestätigt Job- und Stepdauer sowie Startzeiten gegen native History und unabhängig gebildete Datumswerte. Der Problemfilter enthält den deaktivierten Job mit korrekter Dauer und Startzeit aber keinen Step. Monitoring bestätigt AVAILABLE_WITH_FINDING ohne Partial oder Fehler mit einer erfolgreichen JOB_STATE_INFORMATIONAL/INFO-Jobzeile und nativer Dauer und Startzeit. Sechs vollständige Quellen ON/31/TX1 ein eigener Rollback Jobcleanup und ursprüngliche OFF/-1/TX0/XactState0-Restauration bleiben erhalten. Core187 Smoke110 Runtime122 und eigener äußerer Labcleanup bestehen. Dies belegt einen kurzen tatsächlichen positiven Dauerwert; keine exakte WAITFOR-Timinggarantie keine Minuten-/Stundenübergänge langen Läufe oder Dauerparität anderer Ausgabearten. Statusflags und OpenScope bleiben unverändert. Eine weitere getrennte native SQL2025/Docker-CL170-Probe isoliert ungültige Minuten mit 6000 und Sekunden mit 60 bei gültigem Datum 20240229 jeweils als Job- und Stepoutcome. Je zwölf NONE-/JSON-Aufrufe bei ON und OFF bleiben schreibfähig; kein Fehler entkommt. Acht direkte OFF-Orakel außerhalb der Consumertransaktionen messen 242. AgentJobs liefert ERROR_HANDLED/Partial/242 mit Message und Jobs null oder eins bei leeren Steps. Monitoring liefert beim Jobfehler AVAILABLE_LIMITED/Partial/242 mit Message und leerem Jobarray; beim Stepfehler AVAILABLE_WITH_FINDING ohne Partial oder Fehler und eine Jobzeile. Msdb erhält Historycounts eins oder zwei. Sechs vollständige Quellen TX1 und Locktimeout31 bleiben erhalten; 24 Rollbacks finale ursprüngliche OFF/-1/TX0/XactState0-Restauration und eigener äußerer Labcleanup bestehen. TEST-0001 besteht nun 21 positive und 36 Kalender-/Uhrzeitaufrufe mit 36 eigenen Kalenderrollbacks. Core187 Smoke110 und Runtime122 bestehen. Produktcode öffentliche APIs Installer und Registry bleiben erhalten. Andere Werte ungültige Kalenderfälle in anderen Ausgabearten und weitere Dauergrenzen bleiben ungeprüft; Statusflags und OpenScope bleiben unverändert. Eine weitere native SQL2025/Docker-CL170-Probe führt einen eigenen TSQL-Job mit einem Step und 63 Sekunden WAITFOR ohne Retry aus. Die zwei erfolgreichen Historyzeilen speichern HHmmss-Rohwerte 103 für den Step und 103 für den Job. Der private Guard begrenzt beide Werte auf 100 bis 159; die unabhängige Referenz 60 + (Rohwert - 100) ergibt 63 beziehungsweise 63 Sekunden. Vier NONE-/JSON-Aufrufe bestätigen Msdb-Historycount zwei mit NULL-Zeitgrenzen. AgentJobs bestätigt Job- und Stepsekunden sowie unabhängig gebildete Startzeiten; der Problemfilter enthält den deaktivierten erfolgreichen Job aber keinen Step. Monitoring bestätigt AVAILABLE_WITH_FINDING ohne Partial oder Fehler mit JOB_STATE_INFORMATIONAL/INFO und erhält den nativen HHmmss-Jobrohwert in LatestRunDuration. Sechs vollständige Quellen und ON/31/TX1 bleiben erhalten. Ein eigener Rollback, Jobcleanup, ursprüngliche OFF/-1/TX0/XactState0-Restauration, Core187, Smoke110, Runtime122 und äußerer Labcleanup bestehen. Dies belegt die Minutenkomponente eins in einer tatsächlichen Probe; Stundenwerte, weitere Dauergrenzen, exakte WAITFOR-Timinggarantien und andere Ausgabearten bleiben offen. Statusflags und OpenScope bleiben unverändert. Eine getrennte native SQL2025/Docker-CL170-Probe injiziert acht gültige Dauergrenzen in je zwei erfolgreiche Historyzeilen eines eigenen deaktivierten Jobs mit einem definierten Step. Die HHmmss-Rohwerte 59 100 159 200 5959 10000 235959 240000 entsprechen den festen Sekundenliteralen 59 60 119 120 3599 3600 86399 86400. AgentJobs bestätigt Job- und Stepsekunden sowie den festen Startwert 2024-02-29T01:02:03; der Problemfilter enthält den deaktivierten erfolgreichen Job aber keinen Step. Monitoring erhält den Jobrohwert und liefert AVAILABLE_WITH_FINDING ohne Partial oder Fehler mit JOB_STATE_INFORMATIONAL/INFO. 240000 ist hier eine gültige Dauer von 24 Stunden und keine Uhrzeit. 32 NONE-/JSON-Aufrufe bestätigen Msdb-Historycount zwei mit NULL-Zeitgrenzen sowie vollständige sechs Quellen und ON/31/TX1. Acht Rollbacks, finale OFF/-1/TX0/XactState0-Restauration, Core187, Smoke110, Runtime122 und eigener äußerer Labcleanup bestehen. Die History ist injiziert und kein Job wird ausgeführt; tatsächliche Stundenläufe, fehlerhafte Dauerformate und andere Ausgabearten bleiben ungeprüft. Produktquellen, öffentliche Verträge, Fixture, Installer, Statusflags und OpenScope bleiben erhalten. Eine getrennte native SQL2025/Docker-CL170-Probe charakterisiert drei injizierte nicht kanonische positive run_duration-Werte 60 6000 236060 in je zwei erfolgreichen Historyzeilen eines eigenen deaktivierten Jobs mit einem definierten Step. Feste Referenzen bestätigen AgentJobs-Job- und Stepsekunden 60 3600 86460 und den Startwert 2024-02-29T01:02:03. Monitoring erhält die Jobrohwerte mit AVAILABLE_WITH_FINDING ohne Partial oder Fehler und JOB_STATE_INFORMATIONAL/INFO. Zwölf NONE-/JSON-Aufrufe bestätigen Msdb-Historycount zwei mit NULL-Zeitgrenzen sowie vollständige sechs Quellen und ON/31/TX1. Drei Rollbacks, finale OFF/-1/TX0/XactState0-Restauration, Core187, Smoke110, Runtime122 und eigener äußerer Labcleanup bestehen. Kein Job wird ausgeführt; dies charakterisiert bestehende Arithmetik ohne Formatvalidierung oder Normalisierung. Tatsächliche Dauer, allgemeine semantische Zulässigkeit und andere Ausgabearten bleiben unbelegt. Produktquellen, öffentliche Verträge, Fixture, Installer, Statusflags und OpenScope bleiben erhalten. Eine getrennte native SQL2025/Docker-CL170-Probe charakterisiert selektive Agenthistorypurges in vier frisch aufgebauten unabhängigen Phasen mit zwei eigenen deaktivierten Jobs und acht anfänglich injizierten erfolgreichen Historyzeilen. Gesamtcounts 8 6 4 2 entsprechen Zieljobcounts 6 4 2 0 bei zwei unveränderten Gegenprobezeilen. Die exakte Datumsgrenze erhält die gleichzeitigen Zielzeilen; die um eine Sekunde erhöhte Grenze entfernt sie. NULL-Datum entfernt ausschließlich die History des ausgewählten Jobs. Vollständige erwartete Restwerte und die anderen fünf Quellen bleiben über native Purges erhalten. AgentJobs behält beide Job- und Stepdefinitionen mit NULL-Historienfeldern für den geleerten Zieljob; der Problemfilter enthält zwei deaktivierte Jobs und keine Steps. Monitoring erhält zwei informational Jobs mit NULL-Historywerten nur für den Zieljob. 16 NONE-/JSON-Aufrufe erhalten sechs Quellen und ON/31/TX1. Vier Rollbacks, finale OFF/-1/TX0/XactState0-Restauration, Core187, Smoke110, Runtime122 und eigener äußerer Labcleanup bestehen. Keine Jobs werden ausgeführt; automatische Altersretention, allgemeine Purgegarantien und andere Ausgabearten bleiben unbelegt. Produktquellen, öffentliche Verträge, Fixture, Installer, Statusflags und OpenScope bleiben erhalten."
Resource Governor,USP_ResourceGovernorAnalysis,COMPLETE,YES,YES,YES,,FULL,
HA/DR Availability,USP_AvailabilityDeepAnalysis,COMPLETE,YES,YES,YES,,FULL,"Erfordert AG-Topologie; COLL-001 AvailabilityDeep110 besitzt 46 explizit collatierte lokale Textfelder und einen gemeinsamen Replikaexport mit elf Feldern und zehn Textcollations; Common162 besteht zehn TABLE-/JSON-Fälle, vier RAW-/CONSOLE-Statusaufrufe und zwei zusätzliche JSON-Verbraucherfälle auf gemischtem SQL Server 2025 mit nativ deaktiviertem HADR und Framework-Compatibility-Level 170 ohne Quelldatenbankfixture; unabhängig geprüft sind das leere TABLE-Schema, acht JSON-Topkeys, acht Metafelder und sieben leere Arrays sowie NULL-/0-/positive Limitakzeptanz und sichere Ablehnung ungültiger Limit-/Queue-/Lag-/Ausgabeparameter; RAW-/CONSOLE-Zeilen sind nicht separat abgefangen; Integration176 umfasst einen echten AG-NONE-Aufruf und drei synthetische Interpretationsfunktionen; positive AG-/Replika-Limit-/Queue-/Cluster-/Seeding-/Seitenreparatur-/Netzwerk-/Berechtigungsevidenz sowie ältere Engines und zusätzliche CL150/160-Nachweise bleiben für diesen Slice unbelegt; Nachweis COLLB006"
Backup Recovery,USP_BackupRecovery,COMPLETE,YES,YES,YES,,FULL,
Log Shipping,USP_LogShippingStatus,COMPLETE,YES,YES,YES,LAB-LS-001,FULL,
Server Health,USP_ServerHealthAnalysis,COMPLETE,YES,YES,YES,,FULL,
Server Configuration,USP_ServerConfiguration,COMPLETE,YES,YES,YES,,FULL,
Security Configuration,USP_ServerSecurityConfiguration,COMPLETE,YES,YES,YES,,FULL,
Database Integrity,USP_DatabaseIntegrityAnalysis,COMPLETE,YES,YES,YES,,FULL,
Database Capacity,USP_DatabaseCapacityAnalysis,COMPLETE,YES,YES,YES,LAB-CAP-001,FULL,
Performance Counters,USP_PerformanceCounters,COMPLETE,YES,YES,YES,,FULL,
Critical Engine Events,USP_CriticalEngineEvents,COMPLETE,YES,YES,YES,,FULL,
Diagnostic Findings,USP_DiagnosticFindings,COMPLETE,YES,YES,YES,,FULL,Aggregiert Child-Module
IQP Analysis,USP_IntelligentQueryProcessingAnalysis,COMPLETE,YES,YES,YES,,FULL,
Internal Contention,USP_InternalContentionAnalysis,COMPLETE,YES,YES,YES,LAB-LATCH-001;LAB-LATCH-002;LAB-LATCH-003,FULL,
Buffer Pool,USP_BufferPoolAnalysis,COMPLETE,YES,YES,YES,,FULL,
Backup Chain,USP_BackupChainAnalysis,COMPLETE,YES,YES,YES,,FULL,
Schema Design,USP_SchemaDesignAnalysis,COMPLETE,YES,YES,YES,,FULL,
Statistics Distribution,USP_StatisticsDistributionAnalysis,COMPLETE,YES,YES,YES,,FULL,
Agent Monitoring,USP_AgentMonitoringAnalysis,COMPLETE,YES,YES,YES,,FULL," An anonymous local AgentJobs filter primary key fixes repeated calls within one caller transaction; the generated OPS-005 installer is synchronized. Additional injected AgentHistory outcomes on SQL Server 2025 / CL170 prove literal local timestamps and durations 0/85/360000 seconds versus raw 0/125/1000000, latest instance_id selection, history counts 4/5/6, twelve NONE/JSON consumer calls, six full preserved Agent sources, caller rollback and own Lab cleanup; in that preceding outcome-only scope step durations, invalid calendar values and actual Agent duration remained unproved. The subsequent SQL2025/CL170 AgentHistory step slice adds two own TSQL step definitions and three injected positive step cases. All ten JSON values of both steps match independent literals with history counts 8/10/12; the later other-step instance does not replace step one. Job outcome and raw Monitoring duration remain unchanged. Twenty-one total NONE/JSON consumer calls preserve six complete Agent sources and caller state; rollback removes steps job and history and the own Lab is removed. Actual step execution retry behavior changing step-two outcomes invalid dates and overflows remain unproved. A subsequent static range proof at the integrated PR295 source excludes int overflow only in the two identical AgentJobs Job/Step duration formulas for the declared signed int run_duration domain. All intermediate absolute bounds fit int; the conservative sum bound 773098839 is not an exact attainable maximum. No native endpoint run was performed. Malformed or negative duration semantics calendar conversion other arithmetic and actual duration remain unproved; status flags and OpenScope are unchanged. A subsequent private SQL2025 17.0.4075.5 CL170 characterization measures native error 242 for 20230229 and 20240230 as both Job and Step outcomes. Twelve NONE/JSON consumer calls plus one clean Monitoring baseline preserve six complete Agent sources and XACT_ABORT OFF locktimeout 31 committable caller state. AgentJobs handles all four errors and retains the valid Job outcome when only its Step date is invalid; Monitoring limits invalid Job outcomes and retains valid Job outcomes for invalid Step dates. Four rollbacks restore original source values and TX0 XACT_STATE0 while locktimeout remains 31; the final restore confirms original OFF locktimeout minus one TX0 XACT_STATE0; own Lab cleanup succeeds. Three preceding private failed runs remain failed and separately cleaned. Other invalid dates times XACT_ABORT ON and actual Step execution remain unproved; status flags and OpenScope are unchanged. A subsequent private SQL2025 17.0.4075.5 CL170 clock characterization measures native error 242 for run_time 236060 and 240000 at valid date 20240229 as both Job and Step outcomes. Twelve NONE/JSON case consumers plus one clean baseline preserve six full Agent sources and XACT_ABORT OFF locktimeout 31 committable TX1. AgentJobs handles all four errors and retains the valid Job for Step errors; Monitoring limits invalid Jobs and retains valid Jobs for Step errors. Four rollbacks restore original sources and TX0 XACT_STATE0 with locktimeout 31; final restore confirms original OFF and locktimeout minus one. Own Lab cleanup succeeds. The 236060 case combines invalid minutes and seconds; isolated component bounds other times XACT_ABORT ON and actual Step execution remain unproved. Status flags and OpenScope are unchanged. A later private SQL2025 17.0.4075.5 Docker CL170 actual retry characterization executes one own TSQL step with one configured retry and interval zero. Three native history rows show retry status2 with error56151 then Step success1 and Job success1; stored retries_attempted is zero in all three rows. Four NONE/JSON consumers preserve six full Agent sources and committable TX1 with XACT_ABORT ON and locktimeout31. AgentJobs retains latest successful Step with stored LastRunRetries zero; its problem filter retains the disabled Job but no Step and does not select the older retry. Monitoring retains the final successful disabled Job as JOB_STATE_INFORMATIONAL INFO. One rollback own Job cleanup final original OFF minus-one locktimeout TX0 XactState0 and own Lab cleanup pass. Two preceding private runs reject composite oracle56147 before consumers; only the second measures the incorrect successful-row retry-count-one expectation against stored zero and all own Labs are removed. Retry exhaustion positive intervals parallelism and inner Catch cleanup countertests remain unproved. Status flags and OpenScope are unchanged. A later separate private SQL2025 17.0.4075.5 Docker CL170 retry-exhaustion characterization executes one own local TSQL step in an enabled Job with one configured retry and interval zero; both attempts fail with synthetic56161. Three native history rows show Retry2 StepFailure0 JobFailure0; the independently read latest Step failure stores retries_attempted one and AgentJobs preserves that value. Four NONE/JSON consumers preserve six full Agent sources and committable TX1 with XACT_ABORT ON locktimeout31. Both AgentJobs filters retain the latest failed Step; Monitoring reports LATEST_JOB_RUN_FAILED_IN_WINDOW HIGH without consumer error. One rollback own Job cleanup final original OFF minus-one locktimeout TX0 separately captured XactState0 and own Lab cleanup pass. This exhaustion scope has no preceding native failed attempt. Positive intervals parallelism and inner Catch cleanup countertests remain unproved. Status flags and OpenScope are unchanged. Eine getrennte private SQL2025-17.0.4075.5/Docker-Probe mit CL170 bestätigt automatische Vierzeilen-Retention pro Job. Drei erfolgreiche Läufe eines eigenen aktivierten Jobs mit einem TSQL-Step hinterlassen zwei vier vier Historyzeilen; das erste instance_id-Paar verschwindet und sämtliche Werte des zweiten Paars bleiben erhalten. Zwölf NONE/JSON-Consumer erhalten sechs vollständige Agentquellen und committable ON31TX1. AgentJobs erhält den letzten erfolgreichen Step und zeigt im Problemfilter keinen Step; Monitoring meldet ENABLED_JOB_WITHOUT_SCHEDULE/INFO ohne Consumerfehler. Drei Rollbacks eigenes Jobcleanup finale ursprüngliche OFF/-1/TX0/XactState0-Restauration und eigener äußerer Labcleanup bestehen. Beide Linuxschlüssel werden ausschließlich im neuen eigenen Container gesetzt aus der Konfigurationsdatei zurückgelesen und durch öffentlichen Lab-Restart angewandt. Zwei vorherige Konfigurationsreadbackguards scheitern vor Restart und Frameworktests; nur der zweite misst get-Exit0 mit einer Nichtgefundenmeldung. Alle eigenen Labs sind entfernt. Die globale Grenze64 wird nicht erreicht; Altersretention Parallelität andere Engines und innere Fehlercleanup-Gegenproben bleiben unbelegt. Statusflags und OpenScope bleiben unverändert. Eine getrennte private SQL2025-17.0.4075.5/Docker-CL170-Probe bestätigt die globale Agent-Historiengrenze sechs bei einer Grenze vier pro Job. Vier tatsächliche erfolgreiche Einstepläufe zweier eigener aktivierter Jobs in der Reihenfolge A B A B hinterlassen zwei vier sechs sechs Zeilen; das erste A-Paar verschwindet und vollständige Werte der beiden jüngeren Paare bleiben erhalten. Kein Job überschreitet vier erzeugte Zeilen. Sechzehn NONE/JSON-Consumer erhalten sechs vollständige Quellen und committable ON31TX1. AgentJobs erhält letzte erfolgreiche Steps ohne Problemsteps; Monitoring meldet ENABLED_JOB_WITHOUT_SCHEDULE/INFO für jeden vorhandenen Job ohne Consumerfehler. Vier Rollbacks beide eigenen Jobcleanups finale ursprüngliche OFF/-1/TX0/XactState0-Restauration und eigener äußerer Labcleanup bestehen. Beide Linuxschlüssel werden ausschließlich im neuen eigenen Container gesetzt aus der Konfigurationsdatei zurückgelesen und durch öffentlichen Lab-Restart angewandt. Dieser Umfang hat keinen vorausgehenden nativen Fehlversuch. Andere Limits Altersretention Parallelität andere Engines und innere Fehlercleanup-Gegenproben bleiben ungeprüft. Statusflags und OpenScope bleiben unverändert. Eine getrennte private SQL2025-17.0.4075.5/Docker-CL170-Probe bestätigt tatsächlichen Retryerfolg bei einem konfigurierten Retry mit Intervall einer Minute. Ein eigener TSQL-Step erzeugt nativ Retry2 Steperfolg1 und Joberfolg1. Mindestens 50 durch Einsekunden-Waits getrennte Pollzyklen erfassen den noch nicht abgeschlossenen Job bei vorhandener Retryzeile; die gemessene Spanne bis zum beobachteten Abschluss beträgt mindestens 50 Sekunden. Der erfolgreiche Step speichert retries_attempted0; AgentJobs erhält diesen Wert und schließt den älteren Retry im Problemfilter aus. Nach eigener Jobdeaktivierung meldet Monitoring JOB_STATE_INFORMATIONAL/INFO ohne Consumerfehler. Vier NONE/JSON-Consumer erhalten sechs vollständige Quellen und committable ON31TX1. Ein Rollback eigenes Jobcleanup finale ursprüngliche OFF/-1/TX0/XactState0-Restauration und eigener äußerer Labcleanup bestehen. Consumer während des laufenden Jobs andere Intervalle positive Retryerschöpfung Parallelität andere Engines und innere Fehlercleanup-Gegenproben bleiben ungeprüft. Statusflags und OpenScope bleiben unverändert. Eine getrennte private SQL2025-17.0.4075.5/Docker-CL170-Probe bestätigt tatsächliche Retryerschöpfung bei einem konfigurierten Retry mit Intervall einer Minute. Beide Versuche eines eigenen TSQL-Steps scheitern kontrolliert; drei native Historyzeilen zeigen Retry 2, Stepfailure 0 und Jobfailure 0. Mindestens 50 durch Einsekunden-Waits getrennte Pollzyklen erfassen den noch nicht abgeschlossenen Job bei vorhandener Retryzeile; die gemessene Spanne bis zum beobachteten Abschluss beträgt mindestens 50 Sekunden. Beide AgentJobs-Filter erhalten den letzten failed Step mit gespeichertem retries_attempted-Wert 1. Monitoring meldet für den weiterhin aktivierten Job LATEST_JOB_RUN_FAILED_IN_WINDOW/HIGH ohne Consumerfehler. Vier NONE-/JSON-Aufrufe erhalten sechs vollständige Quellen und committable ON31TX1. Ein Rollback, eigenes Jobcleanup, finale ursprüngliche OFF/-1/TX0/XactState0-Restauration und eigener äußerer Labcleanup bestehen. Consumer während des laufenden Jobs, weitere Intervalle, Parallelität, andere Engines und innere Fehlercleanup-Gegenproben bleiben ungeprüft. Statusflags und OpenScope bleiben unverändert. Eine getrennte private SQL2025-17.0.4075.5/Docker-CL170-Kalenderprobe mit ON31 und je frischer committable TX1 erfasst zwölf Consumeraufrufe. Vier direkte OFF-Orakel außerhalb der Consumertransaktionen messen Fehler 242 für 20230229 und 20240230. AgentJobs meldet in vier Job-/Stepfällen ERROR_HANDLED/Partial mit Fehler 242 und gültigem JSON, macht aber jede Callertransaktion uncommittable. AgentMonitoring reicht in beiden ungültigen Jobfällen Fehler 3930 weiter; öffentliche Statusoutputs und JSON fehlen, XACT_STATE ist -1. Beide ungültigen Stepfälle liefern AVAILABLE_WITH_FINDING ohne Partial oder Fehler, ein Jobarray mit einer Zeile und XACT_STATE 1. Msdb erhält Counts eins oder zwei und committable TX1. Sechs vollständige Quellen, Transaktionsanzahl und ON31 bleiben nach jedem Consumer erhalten. Zwölf eigene Rollbacks, finale ursprüngliche OFF/-1/TX0/XactState0-Restauration und äußerer Labcleanup bestehen. Der private Lauf ist COMPLETED mit sechs uncommittable Calls und zwei entkommenen Fehlern; er ist kein funktionales PASS dieser Fehlerisolation. Die gezielte Korrektur der ON-Kalenderfehlerisolation bleibt offen. Andere ungültige Werte, Ausgabeformen, Engines und innere Fehlercleanup-Gegenproben bleiben ungeprüft. Statusflags und OpenScope bleiben unverändert. Die nachfolgende Produktkorrektur begrenzt XACT_ABORT OFF auf AgentJobs-Job-/Stepcollection und Monitoring-Jobcollection mit direkter Wiederherstellung der ursprünglichen Einstellung vor Ausgabe. Eine neue eigene SQL-2025/Docker-CL170-Gegenprobe besteht 24 NONE-/JSON-Kalenderconsumeraufrufe bei ON und OFF mit vier Fällen und je frischer TX1. Alle bleiben schreibfähig mit XACT_STATE 1; kein Fehler entkommt. AgentJobs erhält ERROR_HANDLED/Partial/242 und Jobs null oder eins bei leeren Steps. Monitoring liefert bei ungültigem Job AVAILABLE_LIMITED/Partial/242 mit Message und gültigem JSON; ungültiger Step erhält AVAILABLE_WITH_FINDING ohne Fehler. Msdb erhält Counts eins oder zwei. Sechs volle Quellen und Locktimeout 31 bleiben erhalten; 24 Rollbacks und finale ursprüngliche OFF/-1/TX0-Restauration bestehen. Die erweiterte TEST-0001-Fixture besteht zusätzlich 21 positive und zwölf ON-Kalenderconsumeraufrufe sowie zwölf eigene Kalenderrollbacks. Alle 13 impact-basierten Verträge und der äußere eigene Labcleanup bestehen. Die zuvor beobachtete ON-Kalenderfehlerisolation ist für diesen Scope korrigiert. Common167 bestätigt ohne eigene positive Job-/Schedulefixture ausschließlich die allgemeinen Verträge; der positive Block bleibt NOT_EXECUTED. Andere Lesefehler und ungültige Kalenderfälle in TABLE/RAW/CONSOLE bleiben ungeprüft; bereits uncommittable Callertransaktionen werden nicht repariert. Statusflags und OpenScope bleiben unverändert. Eine nachfolgende getrennte native SQL2025/Docker-CL170-Uhrzeitgegenprobe bestätigt den integrierten Fehlerisolationsfix für 236060 und 240000 bei gültigem Datum 20240229 als Job- und Stepoutcome. Je zwölf NONE-/JSON-Aufrufe bei ON und OFF mit frischer eigener TX1 bleiben schreibfähig; kein Fehler entkommt. Acht direkte OFF-Orakel außerhalb der Consumertransaktionen messen Fehler 242. AgentJobs liefert ERROR_HANDLED/Partial/242 mit Message und Jobs null oder eins bei leeren Steps. Monitoring liefert beim Jobfehler AVAILABLE_LIMITED/Partial/242 mit Message und leerem Jobarray; beim Stepfehler AVAILABLE_WITH_FINDING ohne Partial oder Fehler und eine gültige Jobzeile. Msdb erhält Counts eins oder zwei. Sechs vollständige Quellen TX1 und Locktimeout31 bleiben erhalten; 24 Rollbacks finale ursprüngliche OFF/-1/TX0/XactState0-Restauration und eigener äußerer Labcleanup bestehen. Die erweiterte TEST-0001-Fixture besteht 21 positive und 24 Kalender-/Uhrzeitconsumeraufrufe einschließlich 24 eigener Kalenderrollbacks. Core187 Smoke110 und Runtime122 bestehen. Produktcode öffentliche APIs Installer und Registry bleiben erhalten. 236060 kombiniert ungültige Minuten und Sekunden; isolierte Teilfeldgrenzen andere Uhrzeiten fehlerhafte Dauerformate andere Ausgabearten und tatsächliche Agentdauer bleiben ungeprüft. Statusflags und OpenScope bleiben unverändert. Eine getrennte native SQL2025/Docker-CL170-Dauerprobe führt einen eigenen TSQL-Job mit einem Step und drei Sekunden WAITFOR ohne Retry aus. Die zwei erfolgreichen nativen Historyzeilen speichern Stepdauer 3 und Jobdauer 4 Sekunden. Vier NONE-/JSON-Aufrufe bestätigen Msdb-Historycount zwei mit NULL-Zeitgrenzen; AgentJobs bestätigt Job- und Stepdauer sowie Startzeiten gegen native History und unabhängig gebildete Datumswerte. Der Problemfilter enthält den deaktivierten Job mit korrekter Dauer und Startzeit aber keinen Step. Monitoring bestätigt AVAILABLE_WITH_FINDING ohne Partial oder Fehler mit einer erfolgreichen JOB_STATE_INFORMATIONAL/INFO-Jobzeile und nativer Dauer und Startzeit. Sechs vollständige Quellen ON/31/TX1 ein eigener Rollback Jobcleanup und ursprüngliche OFF/-1/TX0/XactState0-Restauration bleiben erhalten. Core187 Smoke110 Runtime122 und eigener äußerer Labcleanup bestehen. Dies belegt einen kurzen tatsächlichen positiven Dauerwert; keine exakte WAITFOR-Timinggarantie keine Minuten-/Stundenübergänge langen Läufe oder Dauerparität anderer Ausgabearten. Statusflags und OpenScope bleiben unverändert. Eine weitere getrennte native SQL2025/Docker-CL170-Probe isoliert ungültige Minuten mit 6000 und Sekunden mit 60 bei gültigem Datum 20240229 jeweils als Job- und Stepoutcome. Je zwölf NONE-/JSON-Aufrufe bei ON und OFF bleiben schreibfähig; kein Fehler entkommt. Acht direkte OFF-Orakel außerhalb der Consumertransaktionen messen 242. AgentJobs liefert ERROR_HANDLED/Partial/242 mit Message und Jobs null oder eins bei leeren Steps. Monitoring liefert beim Jobfehler AVAILABLE_LIMITED/Partial/242 mit Message und leerem Jobarray; beim Stepfehler AVAILABLE_WITH_FINDING ohne Partial oder Fehler und eine Jobzeile. Msdb erhält Historycounts eins oder zwei. Sechs vollständige Quellen TX1 und Locktimeout31 bleiben erhalten; 24 Rollbacks finale ursprüngliche OFF/-1/TX0/XactState0-Restauration und eigener äußerer Labcleanup bestehen. TEST-0001 besteht nun 21 positive und 36 Kalender-/Uhrzeitaufrufe mit 36 eigenen Kalenderrollbacks. Core187 Smoke110 und Runtime122 bestehen. Produktcode öffentliche APIs Installer und Registry bleiben erhalten. Andere Werte ungültige Kalenderfälle in anderen Ausgabearten und weitere Dauergrenzen bleiben ungeprüft; Statusflags und OpenScope bleiben unverändert. Eine weitere native SQL2025/Docker-CL170-Probe führt einen eigenen TSQL-Job mit einem Step und 63 Sekunden WAITFOR ohne Retry aus. Die zwei erfolgreichen Historyzeilen speichern HHmmss-Rohwerte 103 für den Step und 103 für den Job. Der private Guard begrenzt beide Werte auf 100 bis 159; die unabhängige Referenz 60 + (Rohwert - 100) ergibt 63 beziehungsweise 63 Sekunden. Vier NONE-/JSON-Aufrufe bestätigen Msdb-Historycount zwei mit NULL-Zeitgrenzen. AgentJobs bestätigt Job- und Stepsekunden sowie unabhängig gebildete Startzeiten; der Problemfilter enthält den deaktivierten erfolgreichen Job aber keinen Step. Monitoring bestätigt AVAILABLE_WITH_FINDING ohne Partial oder Fehler mit JOB_STATE_INFORMATIONAL/INFO und erhält den nativen HHmmss-Jobrohwert in LatestRunDuration. Sechs vollständige Quellen und ON/31/TX1 bleiben erhalten. Ein eigener Rollback, Jobcleanup, ursprüngliche OFF/-1/TX0/XactState0-Restauration, Core187, Smoke110, Runtime122 und äußerer Labcleanup bestehen. Dies belegt die Minutenkomponente eins in einer tatsächlichen Probe; Stundenwerte, weitere Dauergrenzen, exakte WAITFOR-Timinggarantien und andere Ausgabearten bleiben offen. Statusflags und OpenScope bleiben unverändert. Eine getrennte native SQL2025/Docker-CL170-Probe injiziert acht gültige Dauergrenzen in je zwei erfolgreiche Historyzeilen eines eigenen deaktivierten Jobs mit einem definierten Step. Die HHmmss-Rohwerte 59 100 159 200 5959 10000 235959 240000 entsprechen den festen Sekundenliteralen 59 60 119 120 3599 3600 86399 86400. AgentJobs bestätigt Job- und Stepsekunden sowie den festen Startwert 2024-02-29T01:02:03; der Problemfilter enthält den deaktivierten erfolgreichen Job aber keinen Step. Monitoring erhält den Jobrohwert und liefert AVAILABLE_WITH_FINDING ohne Partial oder Fehler mit JOB_STATE_INFORMATIONAL/INFO. 240000 ist hier eine gültige Dauer von 24 Stunden und keine Uhrzeit. 32 NONE-/JSON-Aufrufe bestätigen Msdb-Historycount zwei mit NULL-Zeitgrenzen sowie vollständige sechs Quellen und ON/31/TX1. Acht Rollbacks, finale OFF/-1/TX0/XactState0-Restauration, Core187, Smoke110, Runtime122 und eigener äußerer Labcleanup bestehen. Die History ist injiziert und kein Job wird ausgeführt; tatsächliche Stundenläufe, fehlerhafte Dauerformate und andere Ausgabearten bleiben ungeprüft. Produktquellen, öffentliche Verträge, Fixture, Installer, Statusflags und OpenScope bleiben erhalten. Eine getrennte native SQL2025/Docker-CL170-Probe charakterisiert drei injizierte nicht kanonische positive run_duration-Werte 60 6000 236060 in je zwei erfolgreichen Historyzeilen eines eigenen deaktivierten Jobs mit einem definierten Step. Feste Referenzen bestätigen AgentJobs-Job- und Stepsekunden 60 3600 86460 und den Startwert 2024-02-29T01:02:03. Monitoring erhält die Jobrohwerte mit AVAILABLE_WITH_FINDING ohne Partial oder Fehler und JOB_STATE_INFORMATIONAL/INFO. Zwölf NONE-/JSON-Aufrufe bestätigen Msdb-Historycount zwei mit NULL-Zeitgrenzen sowie vollständige sechs Quellen und ON/31/TX1. Drei Rollbacks, finale OFF/-1/TX0/XactState0-Restauration, Core187, Smoke110, Runtime122 und eigener äußerer Labcleanup bestehen. Kein Job wird ausgeführt; dies charakterisiert bestehende Arithmetik ohne Formatvalidierung oder Normalisierung. Tatsächliche Dauer, allgemeine semantische Zulässigkeit und andere Ausgabearten bleiben unbelegt. Produktquellen, öffentliche Verträge, Fixture, Installer, Statusflags und OpenScope bleiben erhalten. Eine getrennte native SQL2025/Docker-CL170-Probe charakterisiert selektive Agenthistorypurges in vier frisch aufgebauten unabhängigen Phasen mit zwei eigenen deaktivierten Jobs und acht anfänglich injizierten erfolgreichen Historyzeilen. Gesamtcounts 8 6 4 2 entsprechen Zieljobcounts 6 4 2 0 bei zwei unveränderten Gegenprobezeilen. Die exakte Datumsgrenze erhält die gleichzeitigen Zielzeilen; die um eine Sekunde erhöhte Grenze entfernt sie. NULL-Datum entfernt ausschließlich die History des ausgewählten Jobs. Vollständige erwartete Restwerte und die anderen fünf Quellen bleiben über native Purges erhalten. AgentJobs behält beide Job- und Stepdefinitionen mit NULL-Historienfeldern für den geleerten Zieljob; der Problemfilter enthält zwei deaktivierte Jobs und keine Steps. Monitoring erhält zwei informational Jobs mit NULL-Historywerten nur für den Zieljob. 16 NONE-/JSON-Aufrufe erhalten sechs Quellen und ON/31/TX1. Vier Rollbacks, finale OFF/-1/TX0/XactState0-Restauration, Core187, Smoke110, Runtime122 und eigener äußerer Labcleanup bestehen. Keine Jobs werden ausgeführt; automatische Altersretention, allgemeine Purgegarantien und andere Ausgabearten bleiben unbelegt. Produktquellen, öffentliche Verträge, Fixture, Installer, Statusflags und OpenScope bleiben erhalten."
Worker Pressure,USP_WorkerPressureAnalysis,COMPLETE,YES,YES,YES,,FULL,
Database Configuration,USP_DatabaseConfigurationAnalysis,COMPLETE,YES,YES,YES,,FULL,
Error Log,USP_ErrorLogAnalysis,COMPLETE,YES,YES,YES,,FULL,
Maintenance Operations,USP_MaintenanceOperations,COMPLETE,YES,YES,YES,,FULL,COLL-001 Maintenance130 besitzt 57 explizit collatierte lokale Textfelder und vier gemeinsame Exporte mit 15/19/9/7 Feldern; Common161 besteht 24 TABLE-/JSON-Fälle auf gemischtem SQL Server 2025 mit getrennt bestätigtem Framework- und drei Source-Compatibility-Levels 170; drei eigene Unicode-Datenbanken ohne Nutzdaten mit einmal ADR-OFF und zweimal ADR-ON liefern kontrollierte PVS-Metadaten und Schwellwert-0-MEDIUM-Hinweise; acht PVS-Felder sind exakt geprüft und die veränderliche PVS-Größe liegt im unabhängig gemessenen Vorher-/Nachher-Intervall; das leere Resumable-TABLE-Schema besitzt 15 Felder und acht collatierte Textspalten; vier Quellenstatus einschließlich Jobs NOT_REQUESTED sind unabhängig geprüft; NULL-/0-/positive Limits und Unicode-/Case-Auswahl bewahren Auswahlpartialität und vollständige Modulbewertung vor Ausgabelimits; sechs RAW-/CONSOLE-Aufrufe prüfen nur Status und begleitende JSON-Zeilenanzahl ohne separate RAW-Warningcapture; Integration186 umfasst drei synthetische Definitionsfälle einen echten Berechtigungsaufruf und Read-only-Prüfungen; positive Resumable-TABLE-Filter-/Limitwirkung Requests Jobs Hochlast ältere Engines und zusätzliche CL150/160-Nachweise bleiben für diesen Slice unbelegt; Nachweis COLLB006
Server Version,USP_ServerVersionInformation,COMPLETE,YES,YES,YES,LAB-VERSION-001,FULL,
Special Feature Inventory,USP_SpecialFeatureInventory,COMPLETE,YES,YES,YES,,FULL,
In-Memory OLTP,USP_InMemoryOltpAnalysis,COMPLETE,YES,YES,YES,,FULL,
Temporal Tables,USP_TemporalAnalysis,COMPLETE,YES,YES,YES,,FULL,
Service Broker,USP_ServiceBrokerAnalysis,COMPLETE,YES,YES,YES,,FULL,
Full-Text Search,USP_FullTextAnalysis,COMPLETE,YES,YES,YES,,FULL,COLL-001 eigener leerer Katalogscope acht unabhängige Quellcodes zehn collatierte TABLE-Textspalten gültige NULL-/0-/positive Mengenparameter ungültige Parameter und erhaltene Auswahlwarnings auf gemischtem SQL Server 2025 mit expliziten Framework- und Source-Compatibility-Levels 150 160 und 170 geprüft; nichtleere Findings positive Filter-/Limitwirkung und gegatete Full-Text-Laufzeitquellen bleiben für diesen Slice unbelegt
Data Capture (CDC/CT),USP_DataCaptureDeepAnalysis,COMPLETE,YES,YES,YES,,FULL,COLL-001 eigene leere CT-Tabellen mit nativen Identitäten Versionen und Spaltenflags elf unabhängige Quellstatus zehn collatierte TABLE-Textspalten und 13-Felder-TABLE-/JSON-Parität in 18 Fällen auf gemischtem SQL Server 2025 mit expliziten Framework- und beiden Source-Compatibility-Levels 150 160 und 170 geprüft; synthetische Future-WARNs und Cleanup-INFO belegen positive Unicode-/Case-Filter und NULL-/0-/positive Limits bei vollständigen Zählern sowie erhaltene Auswahlwarnings und ungültigen Mehrdatenbank-Consumerstatus; RAW/CONSOLE nur mit Status und JSON-Zeilenanzahl geprüft; CT-Retentionverlust positive CDC-/Replikationsquellen und zusätzliche Berechtigungsnachweise bleiben offen; Nachweis COLLB006
Encryption,USP_EncryptionAnalysis,COMPLETE,YES,YES,YES,,FULL,COLL-001 drei eigene unverschlüsselte Unicode-Datenbanken mit nativen Identitäten und leerem DEK-/Full-Backup-/AE-/Ledger-Scope auf gemischtem SQL Server 2025 mit getrennt bestätigten Framework- und drei Source-Compatibility-Levels 150 160 und 170 geprüft; Common160 besteht 22 TABLE-/JSON-Fälle mit 26-Felder-Parität einschließlich NULL-Properties und elf collatierten Textfeldern sowie drei unabhängigen Quellenstatus; erwartete Backupverschlüsselung ohne Backupmetadaten erzeugt MEDIUM-Hinweise für Unicode-/Case-Auswahl und NULL-/0-/positive Limits; negative Limits und Auswahlwarnings bewahren Modulpartialität bei unabhängigen erfolgreichen Quellen; vier RAW-/CONSOLE-Aufrufe prüfen nur Status und JSON-Zeilenanzahl; Integration185 umfasst vier synthetische Zustände zwei echte Aufrufe einen AE-Definitionsvertrag und einen separaten Privacy-Check; positive TDE-/Zertifikat-/Backupverschlüsselungs-/AE-/Ledger- und Restore-Evidenz bleibt offen; Nachweis COLLB006
External Runtime,USP_ExternalRuntimeAnalysis,COMPLETE,YES,YES,YES,,FULL,"Portable Kernfunktion komplett; aktive Feature-Matrix offen; COLL-001 ExternalRuntime090 besitzt 96 explizit collatierte lokale Textfelder und einen gemeinsamen 13-Felder-Findings-Export mit zehn Textcollations und ursprünglichem Findingordinal; Common163 besteht 22 TABLE-/JSON-Fälle und vier RAW-/CONSOLE-Statusaufrufe mit begleitender JSON-Zeilenanzahl auf gemischtem SQL Server 2025 mit getrennt bestätigten Framework- und beiden case-unterschiedlichen Unicode-CI_AS-Source-Compatibility-Levels 150, 160 und 170; vorhandene native R-/Python-Standardregistrierungen bei deaktivierten Scripts liefern Registrierungs-WARNs und Startfähigkeits-INFOs ohne neue Registrierung oder externe Ausführung; geprüft sind 13-Felder-Parität mit NULL-Property-Auslassung, positive Problemfilter, NULL-/0-/positive Limits, sichere negative Ablehnung, exakte Case-Auswahl, erhaltene fehlende Auswahlpartialität und vollständige Datenbankzähler; sechs globale und zwei Katalogquellcodes je Datenbank werden unabhängig gegen native Konfiguration, Services, Katalogidentitäten, Poolkonfiguration und Counteridentitäten, Typen und Quellanzahlen geprüft; Integration198 besteht auf denselben Frameworklevels mit bestehenden External-Runtime-/CLR-Read-only-, JSON-, TABLE-, Routing-, Capability- und Lock-Timeout-Verträgen; aktive Featurematrix, Startfähigkeit, positive Libraries und Requests, Sampling sowie weitere Berechtigungs- und optionale Pfade bleiben offen; RAW-/CONSOLE-Zeilen und atomare Punktparität veränderlicher kumulativer Werte sind nicht belegt; keine neuen älteren Engine-Nachweise; Nachweis COLLB006"
SQL CLR,USP_ClrAnalysis,COMPLETE,YES,YES,YES,,FULL,"Portable Kernfunktion komplett; SAFE-Assembly-Evidenz offen; Zusätzlich besitzt USP_ClrAnalysis 106 explizit collatierte lokale Textfelder und einen gemeinsamen nicht identitätsgenerierten Findings-Export mit 13 Feldern und zehn Textcollations bei erhaltenen ursprünglichen Ordinalen. Common 164 besteht 24 TABLE-/JSON-Fälle und vier RAW-/CONSOLE-Statusaufrufe mit begleitender JSON-Findingsanzahl 0 auf gemischtem SQL Server 2025 bei getrennt bestätigten Framework- und beiden case-unterschiedlichen Unicode-CI_AS-Source-Compatibility-Levels 150/160/170. Das leere Findingsschema und die Parität sowie NULL-/0-/positive Limitakzeptanz, exakte und LIKE-Assemblyfilterakzeptanz, sichere Parameterablehnung, exakte Datenbankauswahl und späte Auswahlpartialität sind ohne Assemblyregistrierung, CLR-Ausführung oder Konfigurations-/Truständerung geprüft. Native Konfiguration und state/version-Properties, Memory-Clerk-Identitäten und Anzahlen sowie Counteridentitäten, Typen, Anzahlen und unabhängige Sample-0-Interpretation sind mit acht globalen und drei Katalogquellcodes je Datenbank beziehungsweise einem Katalogcode ohne Modulzuordnung gegengeprüft. Integration 198 besteht auf denselben Frameworklevels. Positive Assemblies und nichtleere Findingsfilter-/Limitwirkung, Ausführung, Trust, Sampling und weitere Berechtigungspfade bleiben offen. RAW-/CONSOLE-Zeilen werden nicht separat abgefangen; variable Speicher- und Counterwerte belegen keinen atomaren Punktvergleich. Der Slice liefert keine neuen nativen älteren Engine-Nachweise. Evidenz: COLLB006; RUNTIME-001 bleibt IMPLEMENTED_EXTERNAL_EVIDENCE_PENDING."
Analysis Navigator,USP_AnalysisNavigator,COMPLETE,YES,YES,YES,,FULL,Zentraler Einstiegspunkt
Framework Usage,USP_FrameworkUsageFromQueryStore,COMPLETE,YES,YES,YES,,FULL,"FRAMEWORK-USAGE-001 mit Hilfe RAW CONSOLE TABLE NONE JSON und Query-Store-Laufzeitvertrag. Common166 besteht auf gemischtem SQL Server 2025 bei Framework-Compatibility-Levels 150/160/170 mit 19 TABLE- und drei Verbraucherfällen, vier Mappingablehnungen sowie 39 Feldern und 14 expliziten Exporttextcollations. Acht native Gegenproben aus zwei eigenen case-unterschiedlichen Unicode-Procedures bei READ_ONLY Query Store bestätigen die elf aggregierten Nutzungsfelder, Mindestfilter, NULL-/0-/positive Limits und den unveränderten +1-Trunkierungsmarker. Drei positive zwölffeldrige und drei leere dreifeldrige SQL-CONSOLE-Captures bestehen; positive Zeilen werden ungeordnet verglichen. Der Test120-Ownership-Guard weist eine vorhandene Probe mit 51000 zurück und erhält deren Objektidentität und Body. Ungültige Fachparameter projizieren nach gültigem TABLE-Preflight die vollständigen Schemas und INVALID_PARAMETER. Positive RAW-Zeilenparität, DENIED_PERMISSION, ERROR_HANDLED und neue native ältere Engine-Nachweise bleiben unbelegt; QueryStore120, Integration189/196/198 und Common124 bestehen nach eigenem Fixture-Cleanup und Wiederherstellung von Query Store READ_WRITE/AUTO bei CL150/160/170. Der Fokusnachweis behauptet keine vollständigen statischen Gates. Evidenz COLLB006."
Snapshot Baseline,USP_RunSnapshotCollectionCycle,COMPLETE,YES,YES,YES,,FULL,Implementierter Performance-Counter-Baseline-Slice
Vector Index (2025),USP_VectorIndexAnalysis,COMPLETE,YES,YES,YES,,FULL,SQL25-001 dreiversionig abgenommen
Linked Servers,USP_LinkedServerAnalysis,PLANNED,NO,NO,NO,OPS-005,FULL,OPS-005 read-only Kern und Double-opt-in Runtime-Vertrag auf nativen 2019 2022 und 2025 bestanden; MSOLEDBSQL-Verbindungserfolg zwischen neuen SQL2025-Docker-Containern belegt; Providervarianz offen
Database Portability,USP_DatabasePortabilityAnalysis,PLANNED,NO,NO,NO,,FULL,OPS-006 read-only Kern implementiert; Drei-Versionen-Featureevidenz vorhanden; nicht unterstützte Quelle offen
Cursor Diagnostics,USP_CurrentCursorAnalysis,PLANNED,NO,NO,NO,,FULL,OPS-007 opt-in Kern und eigene ressourcenpositive zweite Session sowie expliziter Berechtigungsfehler auf SQL Server 2025 belegt; Hochlast-Evidenz offen
msdb Health,USP_MsdbHealthAnalysis,PLANNED,NO,NO,NO,,FULL,"OPS-008 mit nativer Drei-Versionen-Basisevidenz; fünf leere Quellen Backup- und Restorezeitfenster Dateiwachstum sowie injizierte Agent- Mail- und Maintenance-Aggregate auf SQL2025 belegt; nicht leere Mail-/Maintenance-Counts und Zeitgrenzen mit Quell- und Callererhaltung geprüft; tatsächlicher minimaler lokaler Agent-Job mit einem Schritt auf SQL2025 Docker bestätigt zwei erfolgreiche native Historyzeilen Consumerparität Quell-/Callererhaltung und exaktes eigenes Jobcleanup; getrennte native datumsgebundene eigene Agent-Bereinigung bestätigt vier zwei und null Historyzeilen mit jüngeren vollständigen Quellwerten neun Consumeraufrufen Callererhaltung und eigenem Cleanup; native datumsgebundene Backup-/Restore-Bereinigung mit kontrollierten Zeitstempeln bestätigt drei ein und null eigene Paare acht erhaltene jüngere Historienquellen neun Consumeraufrufe Callererhaltung und acht Datenbankkatalogfelder vor eigenem Cleanup; native datumsgebundene Bereinigung injizierter eigener Failed-Mailhistorie bestätigt drei ein und null Zeilen vollständige jüngere Mailitemwerte neun Consumeraufrufe Callererhaltung deaktivierte Mail-XPs und Rollbackcleanup; native datumsgebundene Bereinigung injizierter eigener Maintenance-Elternhistorie bestätigt drei ein und null Zeilen vollständige jüngere Werte neun Consumeraufrufe Callererhaltung leere Plans Subplans und Details sowie Rollbackcleanup; native Datums-/Statusbereinigung injizierter unsent sent failed und retrying Historien bestätigt Zielcounts drei ein null sowie Gesamtcounts sechs vier drei vollständige jüngere und andere Statuswerte 36 Consumeraufrufe Callererhaltung deaktivierte Mail-XPs und vier Rollbacks; tatsächlicher eigener lokaler Mailqueueauftrag ohne Historieninjektion bestätigt nativen Failed-Status gebundenen Prozessfehlerlog drei Consumeraufrufe Quell-/Callererhaltung deaktivierte Consumer-Mail-XPs exaktes eigenes Mail-/Profil-/Kontocleanup und Queue-/Konfigurationswiederherstellung; native typ- und datumsgebundene Logbereinigung aus drei tatsächlichen eigenen lokalen Mailfehlern bestätigt ausgewählte Fehlerlogcounts drei ein null kontrollierte Logzeiten vollständige jüngere und erfasste übrige Logwerte einschließlich älterer Informationsgegenprobe sämtliche Mailitemwerte neun Consumeraufrufe Callererhaltung deaktivierte Mail-XPs und ursprüngliche ausgewählte Logwerte nach Rollback; native Datums-/Failed-Statusbereinigung injizierter eigener Mailitems und Binäranlagen bestätigt Mailcounts drei ein null Anlagencounts sechs zwei null sowie Bytes 54 18 null vollständige jüngere Mail-/Anlagenwerte neun Consumeraufrufe Callererhaltung deaktivierte Mail-XPs und Rollbackcleanup; native datumsgebundene NULL-Planfilterretention injizierter Maintenanceeltern mit je zwei Details bestätigt Elterncounts drei eins null und Detailcounts sechs zwei null vollständige jüngere Zehnfeld-Eltern- und Dreizehnfeld-Detailwerte Bindungen ohne verwaiste Details neun Consumeraufrufe Callerzustand leere Plans Subplans und Rollbackcleanup; native selektive Plan-ID-Datumsretention injizierter eigener Maintenancehistorie bestätigt Zielcounts drei eins null Gesamtcounts fünf drei zwei und Detailcounts zehn sechs vier vollständige jüngere Zielwerte und ältere andere sowie NULL-Plangegenproben nicht passenden Filter ohne Änderungen neun Consumeraufrufe Callerzustand leere Plans Subplans und Rollbackcleanup; native selektive Subplan-ID-Datumsretention injizierter eigener Maintenancehistorie bestätigt Zielcounts drei eins null Gesamtcounts sechs vier drei und Detailcounts zwölf acht sechs vollständige jüngere Zielwerte ältere andere Subplan- und NULL-Gegenproben nicht passenden Filter ohne Änderungen sämtliche Subplan- und Jobmetadaten neun Consumeraufrufe Callerzustand deaktivierten eigenen Job ohne Steps Serverzuordnung oder Historie sowie Rollbackcleanup; native kombinierte Maintenanceparameterablehnung auf SQL2025 bestätigt tatsächlichen Fehler 2732 aus msdb.dbo.sp_maintplan_delete_log mit sechs Eltern zwölf Details vollständiger Metadatenerhaltung neun Consumeraufrufen und committable Caller bei XACT_ABORT OFF sowie erwartetem uncommittable Caller bei ON vor eigenem Rollback und abschließend geprüftem ursprünglichem Locktimeout und XACT_ABORT; vier Maintenanceretentionfixtures restaurieren ursprünglichen Standardlocktimeout und XACT_ABORT direkt im Callerbatch mit 36 nativen Consumeraufrufen vier Rollbacks sowie acht injizierten Fehlerfällen und vier frühen Locktimeout-31-Ablehnungen mit erhaltenen Optionen und acht leeren Quellen auf derselben Verbindung; vier injizierte Mailfixtures restaurieren ursprünglichen Standardlocktimeout und XACT_ABORT direkt im Callerbatch mit 63 nativen Consumeraufrufen sieben Rollbacks sowie acht injizierten Fehlerfällen und vier frühen Locktimeout-31-Ablehnungen mit erhaltenen Optionen sieben leeren Mail- und Maintenancequellen und deaktivierten Mail-XPs auf derselben Verbindung; gemischter Fehlerpunkt nach erstem Einzeilenaufbau und Statusfehlerpunkt nur erster unsent-Fall; zwei tatsächliche Agentfixtures restaurieren ursprünglichen Standardlocktimeout und XACT_ABORT direkt im Callerbatch mit zwölf nativen Consumeraufrufen vier Rollbacks und eigenem Jobcleanup; eine getrennte private Gegenprobe bestätigt vier injizierte Fehlerfälle mit ursprünglichem OFF oder ON sowie zwei frühe Locktimeout-31-Ablehnungen mit erhaltenen Optionen und sechs leeren Agentquellen auf derselben Verbindung; Fehlerpunkte nach abgeschlossenem Job und bei Retention nur Phase eins; Backup-/Restore-Retentionfixture restauriert ursprünglichen Standardlocktimeout und XACT_ABORT direkt im Callerbatch mit neun nativen Consumeraufrufen drei Rollbacks und eigenem Erfolgscleanup; eine getrennte private Gegenprobe bestätigt zwei Fehlerfälle mit ursprünglichem OFF oder ON sowie eine frühe Locktimeout-31-Ablehnung in zwei neuen Labs; nach beiden Fehlern bleiben Optionen genaue eigene Datenbankbindungen vollständige Werte von acht Historienquellen und acht Datenbankkatalogfelder auf derselben Verbindung erhalten; eigenes äußeres Labcleanup entfernt diese Ressourcen; Fehlerpunkt nur Phase eins vor erstem Consumer; Die beiden tatsächlichen nativen Mailfixtures restaurieren ursprünglichen Standardlocktimeout und XACT_ABORT direkt im Callerbatch mit zwölf nativen Consumeraufrufen zwei Rollbacks eigenem Erfolgscleanup sowie Queue- und Konfigurationswiederherstellung. Eine getrennte private Gegenprobe bestätigt vier Fehlerfälle mit ursprünglichem OFF oder ON sowie zwei frühe Locktimeout-31-Ablehnungen in vier neuen Labs. Nach allen vier Fehlern bleiben Optionen vollständige eigene Mail- Profil- Konto- und genaue Bindungswerte auf derselben Verbindung erhalten; Mail-XPs bleiben deaktiviert und Transaktionen geschlossen. Beide Logfehlerfälle erhalten zusätzlich Originalwerte derselben vier ausgewählten Logs nach Rollback; äußeres Labcleanup entfernt verbliebene Ressourcen. Fehlerpunkte ausschließlich vor erstem Consumer und bei Logretention nur Phase 1. Die drei älteren Fenster- und Agent-Aggregatfixtures restaurieren XACT_ABORT direkt im Callerbatch ohne Locktimeoutsetzung; elf normale NONE-Aufrufe und eigenes Agentrollback bestehen. Eine getrennte private Gegenprobe bestätigt neun Fälle in fünf neuen Labs: drei frühe TX1-Ablehnungen mit ursprünglichem OFF und sechs injizierte Fehler mit ursprünglichem OFF oder ON jeweils bei Locktimeout 31 mit erhaltenen Optionen und Callerbasis auf derselben Verbindung. Fensterfehler erhalten die vollständigen Werte von acht Historienquellen und acht Datenbankkatalogfeldern sowie genaue eigene Datenbankbindungen; das Agentrollback erhält sechs ursprüngliche Agentquellen. Die Fehlerpunkte betreffen ausschließlich das erste Backup beziehungsweise den ersten Restore sowie die erste injizierte Agentzeile vor dem folgenden Consumer; das äußere Labcleanup entfernt verbliebene Fensterressourcen. Die bestehende Failed-Mailretention ergänzt einen zweiten getrennten NULL-Datumsfall mit explizitem Failed-Statusfilter. Drei Zielzeilen aus 2000, 2025 und 2030 werden entfernt; drei ältere unsent-, sent- und retrying-Gegenproben bleiben mit sämtlichen Werten erhalten. Der normale SQL2025-Lauf bestätigt insgesamt 15 Consumeraufrufe und zwei Rollbacks. Ein privater Lauf bestätigt den unveränderten Erfolg mit ursprünglichem XACT_ABORT ON und die Ablehnung einer endlichen Datumsgrenze mit Fehler 55185. Nach beiden Teilfällen bleiben ursprüngliche Optionen, TX0, drei leere Mailquellen und deaktivierte Mail-XPs auf derselben Verbindung erhalten. Der Gesamtlauf scheitert am dritten privaten Orakel mit 56091 und erzeugt keine Ergebnisdatei; beide NULL-Filter sind keine gültige All-Delete-Auswahl. Beide eigenen Labs werden entfernt. Eine anschließende getrennte Diagnose auf SQL2025 mit ProductVersion 17.0.4075.5 und Framework-CL170 erfasst bei beiden NULL-Filtern den ursprünglichen SQL-Fehler 14608 und Prozedur-Enum OTHER in Fall 2 Phase 2 nach zwölf Consumeraufrufen; sechs vollständige Mailitemwerte bleiben vor Rollback erhalten. Die gültige All-Status-Gegenprobe mit Datum 2031 entfernt alle sechs Zeilen und wird mit 55185 im selben Slot zurückgewiesen. Beide Fälle restaurieren ursprüngliches OFF Locktimeout -1 TX0 vor Quellabfragen erfassten XACT_STATE 0 drei leere Mailquellen und deaktivierte Mail-XPs. Der Diagnoselauf ist COMPLETED mit einer OBSERVED_REJECTION und einer bestandenen Gegenprobe; sein eigenes Lab wird mit zwei Cleanupschritten ohne Fehler entfernt und das Stateverzeichnis ist anschließend nicht vorhanden.  gemeinsame Ausgabelimits korrigiert; erfolgreiche Mail- und tatsächliche Maintenance-Ausführung automatische Aufbewahrung der Agenthistorie sowie der Backup-/Restore- Mail- und Maintenancehistorien sowie weitere Anlagen- und Historienretention Jobdatums-/Dauerinterpretation und fehlende Quellen offen An anonymous local AgentJobs filter primary key fixes repeated calls within one caller transaction; the generated OPS-005 installer is synchronized. Additional injected AgentHistory outcomes on SQL Server 2025 / CL170 prove literal local timestamps and durations 0/85/360000 seconds versus raw 0/125/1000000, latest instance_id selection, history counts 4/5/6, twelve NONE/JSON consumer calls, six full preserved Agent sources, caller rollback and own Lab cleanup; in that preceding outcome-only scope step durations, invalid calendar values and actual Agent duration remained unproved. The subsequent SQL2025/CL170 AgentHistory step slice adds two own TSQL step definitions and three injected positive step cases. All ten JSON values of both steps match independent literals with history counts 8/10/12; the later other-step instance does not replace step one. Job outcome and raw Monitoring duration remain unchanged. Twenty-one total NONE/JSON consumer calls preserve six complete Agent sources and caller state; rollback removes steps job and history and the own Lab is removed. Actual step execution retry behavior changing step-two outcomes invalid dates and overflows remain unproved. A subsequent static range proof at the integrated PR295 source excludes int overflow only in the two identical AgentJobs Job/Step duration formulas for the declared signed int run_duration domain. All intermediate absolute bounds fit int; the conservative sum bound 773098839 is not an exact attainable maximum. No native endpoint run was performed. Malformed or negative duration semantics calendar conversion other arithmetic and actual duration remain unproved; status flags and OpenScope are unchanged. A subsequent private SQL2025 17.0.4075.5 CL170 characterization measures native error 242 for 20230229 and 20240230 as both Job and Step outcomes. Twelve NONE/JSON consumer calls plus one clean Monitoring baseline preserve six complete Agent sources and XACT_ABORT OFF locktimeout 31 committable caller state. AgentJobs handles all four errors and retains the valid Job outcome when only its Step date is invalid; Monitoring limits invalid Job outcomes and retains valid Job outcomes for invalid Step dates. Four rollbacks restore original source values and TX0 XACT_STATE0 while locktimeout remains 31; the final restore confirms original OFF locktimeout minus one TX0 XACT_STATE0; own Lab cleanup succeeds. Three preceding private failed runs remain failed and separately cleaned. Other invalid dates times XACT_ABORT ON and actual Step execution remain unproved; status flags and OpenScope are unchanged. A subsequent private SQL2025 17.0.4075.5 CL170 clock characterization measures native error 242 for run_time 236060 and 240000 at valid date 20240229 as both Job and Step outcomes. Twelve NONE/JSON case consumers plus one clean baseline preserve six full Agent sources and XACT_ABORT OFF locktimeout 31 committable TX1. AgentJobs handles all four errors and retains the valid Job for Step errors; Monitoring limits invalid Jobs and retains valid Jobs for Step errors. Four rollbacks restore original sources and TX0 XACT_STATE0 with locktimeout 31; final restore confirms original OFF and locktimeout minus one. Own Lab cleanup succeeds. The 236060 case combines invalid minutes and seconds; isolated component bounds other times XACT_ABORT ON and actual Step execution remain unproved. Status flags and OpenScope are unchanged. A later private SQL2025 17.0.4075.5 Docker CL170 actual retry characterization executes one own TSQL step with one configured retry and interval zero. Three native history rows show retry status2 with error56151 then Step success1 and Job success1; stored retries_attempted is zero in all three rows. Four NONE/JSON consumers preserve six full Agent sources and committable TX1 with XACT_ABORT ON and locktimeout31. AgentJobs retains latest successful Step with stored LastRunRetries zero; its problem filter retains the disabled Job but no Step and does not select the older retry. Monitoring retains the final successful disabled Job as JOB_STATE_INFORMATIONAL INFO. One rollback own Job cleanup final original OFF minus-one locktimeout TX0 XactState0 and own Lab cleanup pass. Two preceding private runs reject composite oracle56147 before consumers; only the second measures the incorrect successful-row retry-count-one expectation against stored zero and all own Labs are removed. Retry exhaustion positive intervals parallelism and inner Catch cleanup countertests remain unproved. Status flags and OpenScope are unchanged. A later separate private SQL2025 17.0.4075.5 Docker CL170 retry-exhaustion characterization executes one own local TSQL step in an enabled Job with one configured retry and interval zero; both attempts fail with synthetic56161. Three native history rows show Retry2 StepFailure0 JobFailure0; the independently read latest Step failure stores retries_attempted one and AgentJobs preserves that value. Four NONE/JSON consumers preserve six full Agent sources and committable TX1 with XACT_ABORT ON locktimeout31. Both AgentJobs filters retain the latest failed Step; Monitoring reports LATEST_JOB_RUN_FAILED_IN_WINDOW HIGH without consumer error. One rollback own Job cleanup final original OFF minus-one locktimeout TX0 separately captured XactState0 and own Lab cleanup pass. This exhaustion scope has no preceding native failed attempt. Positive intervals parallelism and inner Catch cleanup countertests remain unproved. Status flags and OpenScope are unchanged. Eine getrennte private SQL2025-17.0.4075.5/Docker-Probe mit CL170 bestätigt automatische Vierzeilen-Retention pro Job. Drei erfolgreiche Läufe eines eigenen aktivierten Jobs mit einem TSQL-Step hinterlassen zwei vier vier Historyzeilen; das erste instance_id-Paar verschwindet und sämtliche Werte des zweiten Paars bleiben erhalten. Zwölf NONE/JSON-Consumer erhalten sechs vollständige Agentquellen und committable ON31TX1. AgentJobs erhält den letzten erfolgreichen Step und zeigt im Problemfilter keinen Step; Monitoring meldet ENABLED_JOB_WITHOUT_SCHEDULE/INFO ohne Consumerfehler. Drei Rollbacks eigenes Jobcleanup finale ursprüngliche OFF/-1/TX0/XactState0-Restauration und eigener äußerer Labcleanup bestehen. Beide Linuxschlüssel werden ausschließlich im neuen eigenen Container gesetzt aus der Konfigurationsdatei zurückgelesen und durch öffentlichen Lab-Restart angewandt. Zwei vorherige Konfigurationsreadbackguards scheitern vor Restart und Frameworktests; nur der zweite misst get-Exit0 mit einer Nichtgefundenmeldung. Alle eigenen Labs sind entfernt. Die globale Grenze64 wird nicht erreicht; Altersretention Parallelität andere Engines und innere Fehlercleanup-Gegenproben bleiben unbelegt. Statusflags und OpenScope bleiben unverändert. Eine getrennte private SQL2025-17.0.4075.5/Docker-CL170-Probe bestätigt die globale Agent-Historiengrenze sechs bei einer Grenze vier pro Job. Vier tatsächliche erfolgreiche Einstepläufe zweier eigener aktivierter Jobs in der Reihenfolge A B A B hinterlassen zwei vier sechs sechs Zeilen; das erste A-Paar verschwindet und vollständige Werte der beiden jüngeren Paare bleiben erhalten. Kein Job überschreitet vier erzeugte Zeilen. Sechzehn NONE/JSON-Consumer erhalten sechs vollständige Quellen und committable ON31TX1. AgentJobs erhält letzte erfolgreiche Steps ohne Problemsteps; Monitoring meldet ENABLED_JOB_WITHOUT_SCHEDULE/INFO für jeden vorhandenen Job ohne Consumerfehler. Vier Rollbacks beide eigenen Jobcleanups finale ursprüngliche OFF/-1/TX0/XactState0-Restauration und eigener äußerer Labcleanup bestehen. Beide Linuxschlüssel werden ausschließlich im neuen eigenen Container gesetzt aus der Konfigurationsdatei zurückgelesen und durch öffentlichen Lab-Restart angewandt. Dieser Umfang hat keinen vorausgehenden nativen Fehlversuch. Andere Limits Altersretention Parallelität andere Engines und innere Fehlercleanup-Gegenproben bleiben ungeprüft. Statusflags und OpenScope bleiben unverändert. Eine getrennte private SQL2025-17.0.4075.5/Docker-CL170-Probe bestätigt tatsächlichen Retryerfolg bei einem konfigurierten Retry mit Intervall einer Minute. Ein eigener TSQL-Step erzeugt nativ Retry2 Steperfolg1 und Joberfolg1. Mindestens 50 durch Einsekunden-Waits getrennte Pollzyklen erfassen den noch nicht abgeschlossenen Job bei vorhandener Retryzeile; die gemessene Spanne bis zum beobachteten Abschluss beträgt mindestens 50 Sekunden. Der erfolgreiche Step speichert retries_attempted0; AgentJobs erhält diesen Wert und schließt den älteren Retry im Problemfilter aus. Nach eigener Jobdeaktivierung meldet Monitoring JOB_STATE_INFORMATIONAL/INFO ohne Consumerfehler. Vier NONE/JSON-Consumer erhalten sechs vollständige Quellen und committable ON31TX1. Ein Rollback eigenes Jobcleanup finale ursprüngliche OFF/-1/TX0/XactState0-Restauration und eigener äußerer Labcleanup bestehen. Consumer während des laufenden Jobs andere Intervalle positive Retryerschöpfung Parallelität andere Engines und innere Fehlercleanup-Gegenproben bleiben ungeprüft. Statusflags und OpenScope bleiben unverändert. Eine getrennte private SQL2025-17.0.4075.5/Docker-CL170-Probe bestätigt tatsächliche Retryerschöpfung bei einem konfigurierten Retry mit Intervall einer Minute. Beide Versuche eines eigenen TSQL-Steps scheitern kontrolliert; drei native Historyzeilen zeigen Retry 2, Stepfailure 0 und Jobfailure 0. Mindestens 50 durch Einsekunden-Waits getrennte Pollzyklen erfassen den noch nicht abgeschlossenen Job bei vorhandener Retryzeile; die gemessene Spanne bis zum beobachteten Abschluss beträgt mindestens 50 Sekunden. Beide AgentJobs-Filter erhalten den letzten failed Step mit gespeichertem retries_attempted-Wert 1. Monitoring meldet für den weiterhin aktivierten Job LATEST_JOB_RUN_FAILED_IN_WINDOW/HIGH ohne Consumerfehler. Vier NONE-/JSON-Aufrufe erhalten sechs vollständige Quellen und committable ON31TX1. Ein Rollback, eigenes Jobcleanup, finale ursprüngliche OFF/-1/TX0/XactState0-Restauration und eigener äußerer Labcleanup bestehen. Consumer während des laufenden Jobs, weitere Intervalle, Parallelität, andere Engines und innere Fehlercleanup-Gegenproben bleiben ungeprüft. Statusflags und OpenScope bleiben unverändert. Eine getrennte private SQL2025-17.0.4075.5/Docker-CL170-Kalenderprobe mit ON31 und je frischer committable TX1 erfasst zwölf Consumeraufrufe. Vier direkte OFF-Orakel außerhalb der Consumertransaktionen messen Fehler 242 für 20230229 und 20240230. AgentJobs meldet in vier Job-/Stepfällen ERROR_HANDLED/Partial mit Fehler 242 und gültigem JSON, macht aber jede Callertransaktion uncommittable. AgentMonitoring reicht in beiden ungültigen Jobfällen Fehler 3930 weiter; öffentliche Statusoutputs und JSON fehlen, XACT_STATE ist -1. Beide ungültigen Stepfälle liefern AVAILABLE_WITH_FINDING ohne Partial oder Fehler, ein Jobarray mit einer Zeile und XACT_STATE 1. Msdb erhält Counts eins oder zwei und committable TX1. Sechs vollständige Quellen, Transaktionsanzahl und ON31 bleiben nach jedem Consumer erhalten. Zwölf eigene Rollbacks, finale ursprüngliche OFF/-1/TX0/XactState0-Restauration und äußerer Labcleanup bestehen. Der private Lauf ist COMPLETED mit sechs uncommittable Calls und zwei entkommenen Fehlern; er ist kein funktionales PASS dieser Fehlerisolation. Die gezielte Korrektur der ON-Kalenderfehlerisolation bleibt offen. Andere ungültige Werte, Ausgabeformen, Engines und innere Fehlercleanup-Gegenproben bleiben ungeprüft. Statusflags und OpenScope bleiben unverändert. Die nachfolgende Produktkorrektur begrenzt XACT_ABORT OFF auf AgentJobs-Job-/Stepcollection und Monitoring-Jobcollection mit direkter Wiederherstellung der ursprünglichen Einstellung vor Ausgabe. Eine neue eigene SQL-2025/Docker-CL170-Gegenprobe besteht 24 NONE-/JSON-Kalenderconsumeraufrufe bei ON und OFF mit vier Fällen und je frischer TX1. Alle bleiben schreibfähig mit XACT_STATE 1; kein Fehler entkommt. AgentJobs erhält ERROR_HANDLED/Partial/242 und Jobs null oder eins bei leeren Steps. Monitoring liefert bei ungültigem Job AVAILABLE_LIMITED/Partial/242 mit Message und gültigem JSON; ungültiger Step erhält AVAILABLE_WITH_FINDING ohne Fehler. Msdb erhält Counts eins oder zwei. Sechs volle Quellen und Locktimeout 31 bleiben erhalten; 24 Rollbacks und finale ursprüngliche OFF/-1/TX0-Restauration bestehen. Die erweiterte TEST-0001-Fixture besteht zusätzlich 21 positive und zwölf ON-Kalenderconsumeraufrufe sowie zwölf eigene Kalenderrollbacks. Alle 13 impact-basierten Verträge und der äußere eigene Labcleanup bestehen. Die zuvor beobachtete ON-Kalenderfehlerisolation ist für diesen Scope korrigiert. Common167 bestätigt ohne eigene positive Job-/Schedulefixture ausschließlich die allgemeinen Verträge; der positive Block bleibt NOT_EXECUTED. Andere Lesefehler und ungültige Kalenderfälle in TABLE/RAW/CONSOLE bleiben ungeprüft; bereits uncommittable Callertransaktionen werden nicht repariert. Statusflags und OpenScope bleiben unverändert. Eine nachfolgende getrennte native SQL2025/Docker-CL170-Uhrzeitgegenprobe bestätigt den integrierten Fehlerisolationsfix für 236060 und 240000 bei gültigem Datum 20240229 als Job- und Stepoutcome. Je zwölf NONE-/JSON-Aufrufe bei ON und OFF mit frischer eigener TX1 bleiben schreibfähig; kein Fehler entkommt. Acht direkte OFF-Orakel außerhalb der Consumertransaktionen messen Fehler 242. AgentJobs liefert ERROR_HANDLED/Partial/242 mit Message und Jobs null oder eins bei leeren Steps. Monitoring liefert beim Jobfehler AVAILABLE_LIMITED/Partial/242 mit Message und leerem Jobarray; beim Stepfehler AVAILABLE_WITH_FINDING ohne Partial oder Fehler und eine gültige Jobzeile. Msdb erhält Counts eins oder zwei. Sechs vollständige Quellen TX1 und Locktimeout31 bleiben erhalten; 24 Rollbacks finale ursprüngliche OFF/-1/TX0/XactState0-Restauration und eigener äußerer Labcleanup bestehen. Die erweiterte TEST-0001-Fixture besteht 21 positive und 24 Kalender-/Uhrzeitconsumeraufrufe einschließlich 24 eigener Kalenderrollbacks. Core187 Smoke110 und Runtime122 bestehen. Produktcode öffentliche APIs Installer und Registry bleiben erhalten. 236060 kombiniert ungültige Minuten und Sekunden; isolierte Teilfeldgrenzen andere Uhrzeiten fehlerhafte Dauerformate andere Ausgabearten und tatsächliche Agentdauer bleiben ungeprüft. Statusflags und OpenScope bleiben unverändert. Eine getrennte native SQL2025/Docker-CL170-Dauerprobe führt einen eigenen TSQL-Job mit einem Step und drei Sekunden WAITFOR ohne Retry aus. Die zwei erfolgreichen nativen Historyzeilen speichern Stepdauer 3 und Jobdauer 4 Sekunden. Vier NONE-/JSON-Aufrufe bestätigen Msdb-Historycount zwei mit NULL-Zeitgrenzen; AgentJobs bestätigt Job- und Stepdauer sowie Startzeiten gegen native History und unabhängig gebildete Datumswerte. Der Problemfilter enthält den deaktivierten Job mit korrekter Dauer und Startzeit aber keinen Step. Monitoring bestätigt AVAILABLE_WITH_FINDING ohne Partial oder Fehler mit einer erfolgreichen JOB_STATE_INFORMATIONAL/INFO-Jobzeile und nativer Dauer und Startzeit. Sechs vollständige Quellen ON/31/TX1 ein eigener Rollback Jobcleanup und ursprüngliche OFF/-1/TX0/XactState0-Restauration bleiben erhalten. Core187 Smoke110 Runtime122 und eigener äußerer Labcleanup bestehen. Dies belegt einen kurzen tatsächlichen positiven Dauerwert; keine exakte WAITFOR-Timinggarantie keine Minuten-/Stundenübergänge langen Läufe oder Dauerparität anderer Ausgabearten. Statusflags und OpenScope bleiben unverändert. Eine weitere getrennte native SQL2025/Docker-CL170-Probe isoliert ungültige Minuten mit 6000 und Sekunden mit 60 bei gültigem Datum 20240229 jeweils als Job- und Stepoutcome. Je zwölf NONE-/JSON-Aufrufe bei ON und OFF bleiben schreibfähig; kein Fehler entkommt. Acht direkte OFF-Orakel außerhalb der Consumertransaktionen messen 242. AgentJobs liefert ERROR_HANDLED/Partial/242 mit Message und Jobs null oder eins bei leeren Steps. Monitoring liefert beim Jobfehler AVAILABLE_LIMITED/Partial/242 mit Message und leerem Jobarray; beim Stepfehler AVAILABLE_WITH_FINDING ohne Partial oder Fehler und eine Jobzeile. Msdb erhält Historycounts eins oder zwei. Sechs vollständige Quellen TX1 und Locktimeout31 bleiben erhalten; 24 Rollbacks finale ursprüngliche OFF/-1/TX0/XactState0-Restauration und eigener äußerer Labcleanup bestehen. TEST-0001 besteht nun 21 positive und 36 Kalender-/Uhrzeitaufrufe mit 36 eigenen Kalenderrollbacks. Core187 Smoke110 und Runtime122 bestehen. Produktcode öffentliche APIs Installer und Registry bleiben erhalten. Andere Werte ungültige Kalenderfälle in anderen Ausgabearten und weitere Dauergrenzen bleiben ungeprüft; Statusflags und OpenScope bleiben unverändert. Eine weitere native SQL2025/Docker-CL170-Probe führt einen eigenen TSQL-Job mit einem Step und 63 Sekunden WAITFOR ohne Retry aus. Die zwei erfolgreichen Historyzeilen speichern HHmmss-Rohwerte 103 für den Step und 103 für den Job. Der private Guard begrenzt beide Werte auf 100 bis 159; die unabhängige Referenz 60 + (Rohwert - 100) ergibt 63 beziehungsweise 63 Sekunden. Vier NONE-/JSON-Aufrufe bestätigen Msdb-Historycount zwei mit NULL-Zeitgrenzen. AgentJobs bestätigt Job- und Stepsekunden sowie unabhängig gebildete Startzeiten; der Problemfilter enthält den deaktivierten erfolgreichen Job aber keinen Step. Monitoring bestätigt AVAILABLE_WITH_FINDING ohne Partial oder Fehler mit JOB_STATE_INFORMATIONAL/INFO und erhält den nativen HHmmss-Jobrohwert in LatestRunDuration. Sechs vollständige Quellen und ON/31/TX1 bleiben erhalten. Ein eigener Rollback, Jobcleanup, ursprüngliche OFF/-1/TX0/XactState0-Restauration, Core187, Smoke110, Runtime122 und äußerer Labcleanup bestehen. Dies belegt die Minutenkomponente eins in einer tatsächlichen Probe; Stundenwerte, weitere Dauergrenzen, exakte WAITFOR-Timinggarantien und andere Ausgabearten bleiben offen. Statusflags und OpenScope bleiben unverändert. Eine getrennte native SQL2025/Docker-CL170-Probe injiziert acht gültige Dauergrenzen in je zwei erfolgreiche Historyzeilen eines eigenen deaktivierten Jobs mit einem definierten Step. Die HHmmss-Rohwerte 59 100 159 200 5959 10000 235959 240000 entsprechen den festen Sekundenliteralen 59 60 119 120 3599 3600 86399 86400. AgentJobs bestätigt Job- und Stepsekunden sowie den festen Startwert 2024-02-29T01:02:03; der Problemfilter enthält den deaktivierten erfolgreichen Job aber keinen Step. Monitoring erhält den Jobrohwert und liefert AVAILABLE_WITH_FINDING ohne Partial oder Fehler mit JOB_STATE_INFORMATIONAL/INFO. 240000 ist hier eine gültige Dauer von 24 Stunden und keine Uhrzeit. 32 NONE-/JSON-Aufrufe bestätigen Msdb-Historycount zwei mit NULL-Zeitgrenzen sowie vollständige sechs Quellen und ON/31/TX1. Acht Rollbacks, finale OFF/-1/TX0/XactState0-Restauration, Core187, Smoke110, Runtime122 und eigener äußerer Labcleanup bestehen. Die History ist injiziert und kein Job wird ausgeführt; tatsächliche Stundenläufe, fehlerhafte Dauerformate und andere Ausgabearten bleiben ungeprüft. Produktquellen, öffentliche Verträge, Fixture, Installer, Statusflags und OpenScope bleiben erhalten. Eine getrennte native SQL2025/Docker-CL170-Probe charakterisiert drei injizierte nicht kanonische positive run_duration-Werte 60 6000 236060 in je zwei erfolgreichen Historyzeilen eines eigenen deaktivierten Jobs mit einem definierten Step. Feste Referenzen bestätigen AgentJobs-Job- und Stepsekunden 60 3600 86460 und den Startwert 2024-02-29T01:02:03. Monitoring erhält die Jobrohwerte mit AVAILABLE_WITH_FINDING ohne Partial oder Fehler und JOB_STATE_INFORMATIONAL/INFO. Zwölf NONE-/JSON-Aufrufe bestätigen Msdb-Historycount zwei mit NULL-Zeitgrenzen sowie vollständige sechs Quellen und ON/31/TX1. Drei Rollbacks, finale OFF/-1/TX0/XactState0-Restauration, Core187, Smoke110, Runtime122 und eigener äußerer Labcleanup bestehen. Kein Job wird ausgeführt; dies charakterisiert bestehende Arithmetik ohne Formatvalidierung oder Normalisierung. Tatsächliche Dauer, allgemeine semantische Zulässigkeit und andere Ausgabearten bleiben unbelegt. Produktquellen, öffentliche Verträge, Fixture, Installer, Statusflags und OpenScope bleiben erhalten. Eine getrennte native SQL2025/Docker-CL170-Probe charakterisiert selektive Agenthistorypurges in vier frisch aufgebauten unabhängigen Phasen mit zwei eigenen deaktivierten Jobs und acht anfänglich injizierten erfolgreichen Historyzeilen. Gesamtcounts 8 6 4 2 entsprechen Zieljobcounts 6 4 2 0 bei zwei unveränderten Gegenprobezeilen. Die exakte Datumsgrenze erhält die gleichzeitigen Zielzeilen; die um eine Sekunde erhöhte Grenze entfernt sie. NULL-Datum entfernt ausschließlich die History des ausgewählten Jobs. Vollständige erwartete Restwerte und die anderen fünf Quellen bleiben über native Purges erhalten. AgentJobs behält beide Job- und Stepdefinitionen mit NULL-Historienfeldern für den geleerten Zieljob; der Problemfilter enthält zwei deaktivierte Jobs und keine Steps. Monitoring erhält zwei informational Jobs mit NULL-Historywerten nur für den Zieljob. 16 NONE-/JSON-Aufrufe erhalten sechs Quellen und ON/31/TX1. Vier Rollbacks, finale OFF/-1/TX0/XactState0-Restauration, Core187, Smoke110, Runtime122 und eigener äußerer Labcleanup bestehen. Keine Jobs werden ausgeführt; automatische Altersretention, allgemeine Purgegarantien und andere Ausgabearten bleiben unbelegt. Produktquellen, öffentliche Verträge, Fixture, Installer, Statusflags und OpenScope bleiben erhalten."
System Database User Objects,USP_SystemDatabaseObjectInventory,PLANNED,NO,NO,NO,,FULL,OPS-009 positives Inventar exakte Begrenzung eingeschränkte und selektive Metadatensicht sowie Leerfall auf SQL Server 2025 belegt; nativer SQL-Server-2022-Release-Nachweis offen
Collation Portability,Framework-wide,PLANNED,NO,NO,NO,,ARCHITECTURE,COLL-001 Boundary-Inventar sowie erster Fünf-OPS- CurrentOverview- und TABLE-Ziel-Slice vorhanden; ObjectIndex-Arbeitstabellen und 13 weitere TABLE-Exports mit gemischten SQL-Server-2025-Collations geprüft; PerformanceCounters-Snapshot und Ein-Sekunden-Sample mit TABLE- und JSON-Vertrag auf gemischtem SQL Server 2025 geprüft; BufferPool-Memory-Export und optionale JSON-Verteilung auf gemischtem SQL Server 2025 geprüft; InternalContention kumulativer und zeitbezogener Latch-TABLE- und JSON-Vertrag auf gemischtem SQL Server 2025 geprüft; ServerSecurityConfiguration-TABLE- und JSON-Export mit nativer Konfigurationsparität auf gemischtem SQL Server 2025 geprüft; ServerHealth-Orchestrator-Modulstatus und gezielte Child-JSON-Auswahl auf gemischtem SQL Server 2025 geprüft; WorkerPressure sieben TABLE-Exports und TABLE-/JSON-Parität sowie kontrolliertes Requestlimit auf gemischtem SQL Server 2025 geprüft; AuditConfiguration fünf TABLE-Exports und native Spezifikationsparität sowie einheitliche TABLE-/JSON-Filter und Limits auf gemischtem SQL Server 2025 geprüft; DatabaseIntegrity-TABLE- und JSON-Parität sowie native Metadaten und begrenzte Integritätsausgabe mit optionalem LIMITED-Seitenheader auf gemischtem SQL Server 2025 geprüft; DatabaseCapacity neun TABLE-Textspalten und native Dateimetadaten auf eigener schreibgeschützter Quelle sowie einheitliche TABLE-/JSON-Problemfilter und Limits auf gemischtem SQL Server 2025 geprüft; CriticalEngineEvents fünf TABLE-Textspalten und native XE-Ereignisparität sowie vorhandene Limits und XML-Opt-in auf gemischtem SQL Server 2025 geprüft; DiagnosticFindings zehn TABLE-Textspalten und kontrollierte Parent-Zuordnung sowie partielle Wiederverwendung und einheitliche Prioritätsfilter und Limits bei unveränderten Zählern auf gemischtem SQL Server 2025 geprüft; DatabaseConfiguration sechs TABLE-Exporte und native Options- und Konfigurationsparität sowie Profilzuordnung vollständiger dynamischer Katalogaufruf und einheitliche Settings-/Driftlimits auf gemischtem SQL Server 2025 geprüft; ErrorLog fünf TABLE-Exporte und native Unicode-Logparität sowie einheitliche Detaillimits und partielles Quelllimit auf gemischtem SQL Server 2025 geprüft; BackupChain fünf TABLE-Textspalten und native Full-/Differentialmetadaten sowie positiver Ohne-Prüfsumme-Zähler und einheitliche Summary-/Backuplimits auf gemischtem SQL Server 2025 geprüft; AgentMonitoring sieben TABLE-Textspalten und native Job- Alertabdeckungs- und Servicemetadaten sowie einheitliche Findingslimits und optionale Job-/Mailpfade auf gemischtem SQL Server 2025 geprüft; XETargetRuntime acht TABLE-Textspalten und eigene native Ringbuffermetadaten sowie Zählerintervalle TABLE-/JSON-Parität optionale Textkürzung und Gatepfade auf gemischtem SQL Server 2025 geprüft; XEReader drei TABLE-Textspalten und eigene native Ringbuffer- und Eventdateiparität sowie UTC-Filter Limits XML-Verträge und Gatepfade auf gemischtem SQL Server 2025 geprüft; XESessions sechs TABLE-Textspalten und eigene native laufende und gestoppte Konfiguration sowie Detailinventare dynamischer Memoryjoin TABLE-/JSON-Parität und Runtime-Opt-out auf gemischtem SQL Server 2025 geprüft; SnapshotBaseline zwölf TABLE-Textspalten und native persistierte Zeilenparität sowie case-sensitive Unicode-Counter Scopehash Payload und Retention-/Budgetverträge auf gemischtem SQL Server 2025 geprüft; ServerFeatureCapabilities sieben TABLE-Textspalten achtfeldige JSON-Parität native Capabilityidentitäten und Datenbankscope einheitliche Capabilitylimits und erhaltene Auswahlwarnings auf gemischtem SQL Server 2025 mit Compatibility Level 150 160 und 170 geprüft; ServerVersionInformation sieben TABLE-Exporte mit 64 Textspalten vollständige JSON-Repräsentationsparität native Instanz- Feature- und eigene Datenbankmetadaten sowie vorhandene Datenbanklimits und erhaltene Warnungen auf gemischtem SQL Server 2025 mit Compatibility Level 150 160 und 170 geprüft; SpecialFeatureInventory neun TABLE-Textspalten vollständige Zehn-Feld-JSON-Repräsentationsparität gemeinsame Featurefilter und Ausgabelimits vollständige erhaltene Inventurzähler Unicode-Datenbankscope und synthetische XML Spatial Alias-Typ-Katalogmarker auf gemischtem SQL Server 2025 mit Compatibility Level 150 160 und 170 geprüft; InMemoryOltpAnalysis elf TABLE-Textspalten Vierzehn-Feld-JSON-Parität native eigene XTP-Tabellen und Hashindexidentitäten gemeinsame Findingsfilter und Limits vollständige Zähler und erhaltene fehlende Datenbankstatus auf gemischtem SQL Server 2025 mit Compatibility Level 150 160 und 170 geprüft; TemporalAnalysis zwölf TABLE-Textspalten Fünfzehn-Feld-JSON-Parität native eigene Temporal-Paare Perioden- Retention- und führende Indexmetadaten vier unterschiedliche Quellcodes unabhängige Findingidentitäten gemeinsame Findingsfilter und Limits vollständige Zähler und erhaltene fehlende Datenbankstatus auf gemischtem SQL Server 2025 mit Compatibility Level 150 160 und 170 geprüft; ServiceBrokerAnalysis zehn TABLE-Textspalten Dreizehn-Feld-JSON-Parität native eigene leere Queue-Schalter und Servicemetadaten sieben unterschiedliche Quellcodes unabhängige Findingidentitäten gemeinsame Findingsfilter und Limits vollständige Zähler und erhaltene fehlende Datenbankstatus auf gemischtem SQL Server 2025 mit expliziten Framework- und Source-Compatibility-Levels 150 160 und 170 geprüft; COLL-001 Dreier-Scope USP_PlanCacheAnalysis USP_QueryStoreAnalysis USP_ExtendedEventsAnalysis: je sechs explizit collatierte lokale Textfelder und ein früher gemeinsamer Modulstatusexport mit fünf Feldern und drei Textcollations beheben den bestehenden CONSOLE-Fehler wegen fehlender Quelle; ursprüngliche TABLE-Textcollations waren bereits korrekt. Common165 besteht 24 TABLE-/JSON-Vertragsfälle zwölf positive und neun leere SQL-CONSOLE-Captures sowie drei direkte CONSOLE-Aufrufe auf gemischtem SQL Server 2025 mit Framework-Compatibility-Level 170. Zusätzlicher unabhängiger SqlClient-Capture bestätigt alle 15 positiven sechsfeldrigen und neun leeren dreifeldrigen CONSOLE-Fälle mit nativen Schemas ursprünglichen Ordinalen Modulnamen Invocationstatus und Fehlerwerten sowie Plan-Cache-modules-JSON-Parität. Query Store und XE behalten Childobjekte Metadaten und Warnungsprojektionen ohne modules-Array; Modulstatus bleibt vollständig und unbegrenzt bei NULL-/0-/positiven Childlimits. Drei RAW-Invalid-Leerscope-Aufrufe und zwölf TABLE-Zuordnungsablehnungen bestehen; fünf vorhandene leere RequestedName-Warningproben bleiben erhalten. Positive RAW-Modulzeilenparität Plan-XML Ereignis- ERROR_HANDLED- und Berechtigungsevidenz sowie neue native ältere Engine- oder CL150/160-Nachweise bleiben für diesen Slice unbelegt. Nachweis COLLB006. weitere Frameworkdateien und Verbrauchervarianten offen
SSIS Package Analysis,SSIS Execution Analysis,PLANNED,NO,NO,NO,,ARCHITECTURE,SSIS-001 Phase 0 abgeschlossen; Phase 1 Implementierung offen
Snapshot Baseline Expansion (SC-023),USP_RunSnapshotCollectionCycle,PLANNED,NO,NO,NO,,ARCHITECTURE,Optionale Collector Rollups Scheduler und Exportpakete
Externe Komponente (SC-024),Externe Integration,PLANNED,NO,NO,NO,,NONE,P3 erfordert externe Abhaengigkeit
Isolierter Restore (SC-025),Restore-Host-Pruefung,PLANNED,NO,NO,NO,,NONE,P3 erfordert isolierte Ausfuehrung
QuickStart Docker,Docker Compose Umgebung,REMOVED,NO,NO,NO,,FULL,Migriert nach SQL_Server_Lab und entfernt am 2026-07-26
QuickStart HyperV (Windows),Native Windows VMs,REMOVED,NO,NO,NO,,FULL,Migriert nach SQL_Server_Lab und entfernt am 2026-07-26
QuickStart HyperV (Linux),Linux VMs + Simulation,REMOVED,NO,NO,NO,,FULL,Migriert nach SQL_Server_Lab und entfernt am 2026-07-26
QuickStart HyperV (NetworkSim),Netzwerk-/IO-Profile,REMOVED,NO,NO,NO,,FULL,Migriert nach SQL_Server_Lab und entfernt am 2026-07-26
Secondary Replica Query Store,USP_QueryStoreReplicaAnalysis,COMPLETE,YES,YES,YES,,FULL,"SQL25-005 mit versionsadaptiver Replica-Rollen-, Runtime-, Wait- und Forcing-Evidenz"
SQL Audit Configuration,USP_AuditConfigurationAnalysis,COMPLETE,YES,YES,YES,,FULL,WI-0008 kontrollierte 2019-Linux-Evidenz fuer fehlenden Auditnamen verweigerte Servermetadaten deaktiviertes Audit und aktiven Runtimezustand sowie SQL-2025-Impact-Gate
External Data Objects,USP_ExternalDataAnalysis,PLANNED,NO,NO,NO,,ARCHITECTURE,WI-0009 Analyse der lokalen Katalog- und Datenschutzgrenzen vor Implementierung erforderlich
